timestamp,source_document_guid,record_id,type_code,action,result,details
2026-09-24T15:45:23.1058265-03:00,916715be-c77e-5698-942d-0736fe0c0a61,RVT-ABF8F545931E6559,,VALIDATE,SKIPPED,Record status is not APPROVED.
2026-09-24T15:45:23.1058285-03:00,916715be-c77e-5698-942d-0736fe0c0a61,RVT-59525EBF6F0B12B6,,VALIDATE,SKIPPED,Record status is not APPROVED.
2026-09-24T15:45:23.1058286-03:00,916715be-c77e-5698-942d-0736fe0c0a61,RVT-E336DD558F912BF6,,VALIDATE,SKIPPED,Record status is not APPROVED.
2026-09-24T15:45:23.1058287-03:00,916715be-c77e-5698-942d-0736fe0c0a61,RVT-0B23E54DAE6C6FD7,,VALIDATE,SKIPPED,Record status is not APPROVED.
2026-09-24T15:45:23.1058288-03:00,916715be-c77e-5698-942d-0736fe0c0a61,RVT-F4399AF7C06E5DEC,,VALIDATE,SKIPPED,Record status is not APPROVED.
2026-09-24T15:45:23.1058289-03:00,916715be-c77e-5698-942d-0736fe0c0a61,RVT-360E73181813C349,,VALIDATE,SKIPPED,Record status is not APPROVED.
2026-09-24T15:45:23.1058290-03:00,916715be-c77e-5698-942d-0736fe0c0a61,RVT-60BFD681F9E0BC44,,VALIDATE,SKIPPED,Record status is not APPROVED.
2026-09-24T15:45:23.1058291-03:00,916715be-c77e-5698-942d-0736fe0c0a61,RVT-BA22DD7682ED3F2C,,VALIDATE,SKIPPED,Record status is not APPROVED.
2026-09-24T15:45:23.1058292-03:00,916715be-c77e-5698-942d-0736fe0c0a61,RVT-2BFA034DDC68E788,,VALIDATE,SKIPPED,Record status is not APPROVED.
2026-09-24T15:45:23.1058293-03:00,916715be-c77e-5698-942d-0736fe0c0a61,RVT-4C050422C4A7B65E,,VALIDATE,SKIPPED,Record status is not APPROVED.
2026-09-24T15:45:23.1058294-03:00,916715be-c77e-5698-942d-0736fe0c0a61,RVT-6FE6D560C3887B79,,VALIDATE,SKIPPED,Record status is not APPROVED.
2026-09-24T15:45:23.1058295-03:00,916715be-c77e-5698-942d-0736fe0c0a61,RVT-2DA6CDAA94369710,,VALIDATE,SKIPPED,Record status is not APPROVED.
2026-09-24T15:45:23.1058296-03:00,916715be-c77e-5698-942d-0736fe0c0a61,RVT-47967F18480E2C77,,VALIDATE,SKIPPED,Record status is not APPROVED.
2026-09-24T15:45:23.1058297-03:00,916715be-c77e-5698-942d-0736fe0c0a61,RVT-283E74696A896B88,,VALIDATE,SKIPPED,Record status is not APPROVED.
2026-09-24T15:45:23.1058298-03:00,916715be-c77e-5698-942d-0736fe0c0a61,RVT-89DDCDEC652BE15E,,VALIDATE,SKIPPED,Record status is not APPROVED.
2026-09-24T15:45:23.1058299-03:00,916715be-c77e-5698-942d-0736fe0c0a61,RVT-8BEDD2F66266731F,,VALIDATE,SKIPPED,Record status is not APPROVED.
2026-09-24T15:45:23.1058300-03:00,916715be-c77e-5698-942d-0736fe0c0a61,RVT-21B54D2E65B24B2D,,VALIDATE,SKIPPED,Record status is not APPROVED.
2026-09-24T15:45:23.1058301-03:00,916715be-c77e-5698-942d-0736fe0c0a61,RVT-26A502A4734ED8B1,,VALIDATE,SKIPPED,Record status is not APPROVED.
2026-09-24T15:45:23.1058302-03:00,916715be-c77e-5698-942d-0736fe0c0a61,RVT-C4872B219DD7F077,,VALIDATE,SKIPPED,Record status is not APPROVED.
2026-09-24T15:45:23.1058303-03:00,916715be-c77e-5698-942d-0736fe0c0a61,RVT-E4715669304FAB9E,,VALIDATE,SKIPPED,Record status is not APPROVED.
2026-09-24T15:45:23.1058304-03:00,916715be-c77e-5698-942d-0736fe0c0a61,RVT-710F7DDF0EC15DA3,,VALIDATE,SKIPPED,Record status is not APPROVED.
2026-09-24T15:45:23.1058305-03:00,916715be-c77e-5698-942d-0736fe0c0a61,RVT-F49FAAD70762A7F6,,VALIDATE,SKIPPED,Record status is not APPROVED.
2026-09-24T15:45:23.1058306-03:00,916715be-c77e-5698-942d-0736fe0c0a61,RVT-97FCABAD5F75213A,,VALIDATE,SKIPPED,Record status is not APPROVED.
2026-09-24T15:45:23.1058308-03:00,916715be-c77e-5698-942d-0736fe0c0a61,RVT-7B0430FAFFC64D72,,VALIDATE,SKIPPED,Record status is not APPROVED.
2026-09-24T15:45:23.1058309-03:00,916715be-c77e-5698-942d-0736fe0c0a61,RVT-C095874F77760D95,,VALIDATE,SKIPPED,Record status is not APPROVED.
2026-09-24T15:45:23.1058310-03:00,916715be-c77e-5698-942d-0736fe0c0a61,RVT-7EB7ABB58E9BF353,,VALIDATE,SKIPPED,Record status is not APPROVED.
2026-09-24T15:45:23.1058311-03:00,916715be-c77e-5698-942d-0736fe0c0a61,RVT-4032D2E1E567E600,,VALIDATE,SKIPPED,Record status is not APPROVED.
2026-09-24T15:45:23.1058312-03:00,916715be-c77e-5698-942d-0736fe0c0a61,RVT-6A1CA74D97D94C3C,,VALIDATE,SKIPPED,Record status is not APPROVED.
2026-09-24T15:45:23.1058313-03:00,916715be-c77e-5698-942d-0736fe0c0a61,RVT-4EF9CC4F09BFC4D1,,VALIDATE,SKIPPED,Record status is not APPROVED.
2026-09-24T15:45:23.1058370-03:00,916715be-c77e-5698-942d-0736fe0c0a61,RVT-D99863112415F2DB,,VALIDATE,SKIPPED,Record status is not APPROVED.
2026-09-24T15:45:23.1058390-03:00,916715be-c77e-5698-942d-0736fe0c0a61,RVT-65F2063B3076ED7D,,VALIDATE,SKIPPED,Record status is not APPROVED.
2026-09-24T15:45:23.1058391-03:00,916715be-c77e-5698-942d-0736fe0c0a61,RVT-675A162E285E33C8,,VALIDATE,SKIPPED,Record status is not APPROVED.
2026-09-24T15:45:23.1058392-03:00,916715be-c77e-5698-942d-0736fe0c0a61,RVT-451D69198565FB28,,VALIDATE,SKIPPED,Record status is not APPROVED.
2026-09-24T15:45:23.1058394-03:00,916715be-c77e-5698-942d-0736fe0c0a61,RVT-0B2512BE8588EBFB,,VALIDATE,SKIPPED,Record status is not APPROVED.
2026-09-24T15:45:23.1058396-03:00,916715be-c77e-5698-942d-0736fe0c0a61,RVT-DA1D18296CAB865B,,VALIDATE,SKIPPED,Record status is not APPROVED.
2026-09-24T15:45:23.1058397-03:00,916715be-c77e-5698-942d-0736fe0c0a61,RVT-A1FD5DBE42174085,,VALIDATE,SKIPPED,Record status is not APPROVED.
2026-09-24T15:45:23.1058398-03:00,916715be-c77e-5698-942d-0736fe0c0a61,RVT-143EC7FC2FC56F93,,VALIDATE,SKIPPED,Record status is not APPROVED.
2026-09-24T15:45:23.1058399-03:00,916715be-c77e-5698-942d-0736fe0c0a61,RVT-80A8D512081A13B8,,VALIDATE,SKIPPED,Record status is not APPROVED.
2026-09-24T15:45:23.1058400-03:00,916715be-c77e-5698-942d-0736fe0c0a61,RVT-911B3600688885DC,,VALIDATE,SKIPPED,Record status is not APPROVED.
2026-09-24T15:45:23.1058401-03:00,916715be-c77e-5698-942d-0736fe0c0a61,RVT-C44687FA12876F0E,,VALIDATE,SKIPPED,Record status is not APPROVED.
2026-09-24T15:45:23.1058403-03:00,916715be-c77e-5698-942d-0736fe0c0a61,RVT-ADBA2DF002AB92B0,,VALIDATE,SKIPPED,Record status is not APPROVED.
2026-09-24T15:45:23.1058404-03:00,916715be-c77e-5698-942d-0736fe0c0a61,RVT-E72F04DBBFB9AE7B,,VALIDATE,SKIPPED,Record status is not APPROVED.
2026-09-24T15:45:23.1058405-03:00,916715be-c77e-5698-942d-0736fe0c0a61,RVT-BDCA6D6FC27E3359,,VALIDATE,SKIPPED,Record status is not APPROVED.
2026-09-24T15:45:23.1058406-03:00,916715be-c77e-5698-942d-0736fe0c0a61,RVT-75CA4823B6CA3925,,VALIDATE,SKIPPED,Record status is not APPROVED.
2026-09-24T15:45:23.1058407-03:00,916715be-c77e-5698-942d-0736fe0c0a61,RVT-D1EFF050A9F79796,,VALIDATE,SKIPPED,Record status is not APPROVED.
2026-09-24T15:45:23.1058408-03:00,916715be-c77e-5698-942d-0736fe0c0a61,RVT-70F131853F4A5F8E,,VALIDATE,SKIPPED,Record status is not APPROVED.
2026-09-24T15:45:23.1058409-03:00,916715be-c77e-5698-942d-0736fe0c0a61,RVT-03A31EE3408E4EBD,,VALIDATE,SKIPPED,Record status is not APPROVED.
2026-09-24T15:45:23.1058410-03:00,916715be-c77e-5698-942d-0736fe0c0a61,RVT-8646C1D103ACA25F,,VALIDATE,SKIPPED,Record status is not APPROVED.
2026-09-24T15:45:23.1058411-03:00,916715be-c77e-5698-942d-0736fe0c0a61,RVT-083FE9BCD0CFE448,,VALIDATE,SKIPPED,Record status is not APPROVED.
2026-09-24T15:45:23.1058412-03:00,916715be-c77e-5698-942d-0736fe0c0a61,RVT-0EE518B6B497A439,,VALIDATE,SKIPPED,Record status is not APPROVED.
2026-09-24T15:45:23.1058413-03:00,916715be-c77e-5698-942d-0736fe0c0a61,RVT-635262BDA3AC571B,,VALIDATE,SKIPPED,Record status is not APPROVED.
2026-09-24T15:45:23.1058414-03:00,916715be-c77e-5698-942d-0736fe0c0a61,RVT-832430FAC4B52056,,VALIDATE,SKIPPED,Record status is not APPROVED.
2026-09-24T15:45:23.1058415-03:00,916715be-c77e-5698-942d-0736fe0c0a61,RVT-F32CAEF75ECE2D01,,VALIDATE,SKIPPED,Record status is not APPROVED.
2026-09-24T15:45:23.1058417-03:00,916715be-c77e-5698-942d-0736fe0c0a61,RVT-DF2A7F777C512044,,VALIDATE,SKIPPED,Record status is not APPROVED.
2026-09-24T15:45:23.1058418-03:00,916715be-c77e-5698-942d-0736fe0c0a61,RVT-4CC6A163CB06D2D2,,VALIDATE,SKIPPED,Record status is not APPROVED.
2026-09-24T15:45:23.1058419-03:00,916715be-c77e-5698-942d-0736fe0c0a61,RVT-3FF8F38F149940C6,,VALIDATE,SKIPPED,Record status is not APPROVED.
2026-09-24T15:45:23.1058420-03:00,916715be-c77e-5698-942d-0736fe0c0a61,RVT-0A84A3AFE2B2429B,,VALIDATE,SKIPPED,Record status is not APPROVED.
2026-09-24T15:45:23.1058421-03:00,916715be-c77e-5698-942d-0736fe0c0a61,RVT-BE4871BE053193EB,,VALIDATE,SKIPPED,Record status is not APPROVED.
2026-09-24T15:45:23.1058422-03:00,916715be-c77e-5698-942d-0736fe0c0a61,RVT-8F5249900EDBDA67,,VALIDATE,SKIPPED,Record status is not APPROVED.
2026-09-24T15:45:23.1058423-03:00,916715be-c77e-5698-942d-0736fe0c0a61,RVT-DC718368268149C8,,VALIDATE,SKIPPED,Record status is not APPROVED.
2026-09-24T15:45:23.1058424-03:00,916715be-c77e-5698-942d-0736fe0c0a61,RVT-0E26C2063FFAFC24,,VALIDATE,SKIPPED,Record status is not APPROVED.
2026-09-24T15:45:23.1058425-03:00,916715be-c77e-5698-942d-0736fe0c0a61,RVT-B4D9070837F7EDDF,,VALIDATE,SKIPPED,Record status is not APPROVED.
2026-09-24T15:45:23.1058427-03:00,916715be-c77e-5698-942d-0736fe0c0a61,RVT-C95ED996F4E6151C,,VALIDATE,SKIPPED,Record status is not APPROVED.
2026-09-24T15:45:23.1058428-03:00,916715be-c77e-5698-942d-0736fe0c0a61,RVT-E2DC42AC0B3490BF,,VALIDATE,SKIPPED,Record status is not APPROVED.
2026-09-24T15:45:23.1058429-03:00,916715be-c77e-5698-942d-0736fe0c0a61,RVT-4CFB527E8A867575,,VALIDATE,SKIPPED,Record status is not APPROVED.
2026-09-24T15:45:23.1058430-03:00,916715be-c77e-5698-942d-0736fe0c0a61,RVT-11624B3722753CA8,,VALIDATE,SKIPPED,Record status is not APPROVED.
2026-09-24T15:45:23.1058431-03:00,916715be-c77e-5698-942d-0736fe0c0a61,RVT-15EF560436036E9B,,VALIDATE,SKIPPED,Record status is not APPROVED.
2026-09-24T15:45:23.1058432-03:00,916715be-c77e-5698-942d-0736fe0c0a61,RVT-A0915577FFE9DAE8,,VALIDATE,SKIPPED,Record status is not APPROVED.
2026-09-24T15:45:23.1058433-03:00,916715be-c77e-5698-942d-0736fe0c0a61,RVT-58F24E5F4EA4B5C9,,VALIDATE,SKIPPED,Record status is not APPROVED.
2026-09-24T15:45:23.1058435-03:00,916715be-c77e-5698-942d-0736fe0c0a61,RVT-52F5158DE5D16ECB,,VALIDATE,SKIPPED,Record status is not APPROVED.
2026-09-24T15:45:23.1058438-03:00,916715be-c77e-5698-942d-0736fe0c0a61,RVT-DEA0AE1830AAA60F,,VALIDATE,SKIPPED,Record status is not APPROVED.
2026-09-24T15:45:23.1058439-03:00,916715be-c77e-5698-942d-0736fe0c0a61,RVT-83E1777773CE5772,,VALIDATE,SKIPPED,Record status is not APPROVED.
2026-09-24T15:45:23.1058440-03:00,916715be-c77e-5698-942d-0736fe0c0a61,RVT-955452AB88AD4BA7,,VALIDATE,SKIPPED,Record status is not APPROVED.
2026-09-24T15:45:23.1058441-03:00,916715be-c77e-5698-942d-0736fe0c0a61,RVT-9D085CE7F8A3E09C,,VALIDATE,SKIPPED,Record status is not APPROVED.
2026-09-24T15:45:23.1058442-03:00,916715be-c77e-5698-942d-0736fe0c0a61,RVT-C5C1DD6FEA25CD93,,VALIDATE,SKIPPED,Record status is not APPROVED.
2026-09-24T15:45:23.1058443-03:00,916715be-c77e-5698-942d-0736fe0c0a61,RVT-6CE125E4D91F60B4,,VALIDATE,SKIPPED,Record status is not APPROVED.
2026-09-24T15:45:23.1058452-03:00,916715be-c77e-5698-942d-0736fe0c0a61,RVT-F6C3400B80E73945,,VALIDATE,SKIPPED,Record status is not APPROVED.
2026-09-24T15:45:23.1058453-03:00,916715be-c77e-5698-942d-0736fe0c0a61,RVT-01DCDC6904505A2F,,VALIDATE,SKIPPED,Record status is not APPROVED.
2026-09-24T15:45:23.1058454-03:00,916715be-c77e-5698-942d-0736fe0c0a61,RVT-9DF0C47FB96587BF,,VALIDATE,SKIPPED,Record status is not APPROVED.
2026-09-24T15:45:23.1058455-03:00,916715be-c77e-5698-942d-0736fe0c0a61,RVT-F964261287592FE5,,VALIDATE,SKIPPED,Record status is not APPROVED.
2026-09-24T15:45:23.1058457-03:00,916715be-c77e-5698-942d-0736fe0c0a61,RVT-8739DFC3656C985A,,VALIDATE,SKIPPED,Record status is not APPROVED.
2026-09-24T15:45:23.1058458-03:00,916715be-c77e-5698-942d-0736fe0c0a61,RVT-433A639652C6C49E,,VALIDATE,SKIPPED,Record status is not APPROVED.
2026-09-24T15:45:23.1058458-03:00,916715be-c77e-5698-942d-0736fe0c0a61,RVT-DAA05DEED77121BA,,VALIDATE,SKIPPED,Record status is not APPROVED.
2026-09-24T15:45:23.1058460-03:00,916715be-c77e-5698-942d-0736fe0c0a61,RVT-C2F7E3A6A51862A3,,VALIDATE,SKIPPED,Record status is not APPROVED.
2026-09-24T15:45:23.1058461-03:00,916715be-c77e-5698-942d-0736fe0c0a61,RVT-1D5F419F83C7E1D8,,VALIDATE,SKIPPED,Record status is not APPROVED.
2026-09-24T15:45:23.1058462-03:00,916715be-c77e-5698-942d-0736fe0c0a61,RVT-1EEF7B008C1BE608,,VALIDATE,SKIPPED,Record status is not APPROVED.
2026-09-24T15:45:23.1058463-03:00,916715be-c77e-5698-942d-0736fe0c0a61,RVT-3C427BE48CE5BC36,,VALIDATE,SKIPPED,Record status is not APPROVED.
2026-09-24T15:45:23.1058464-03:00,916715be-c77e-5698-942d-0736fe0c0a61,RVT-2EA56355E11A78FA,,VALIDATE,SKIPPED,Record status is not APPROVED.
2026-09-24T15:45:23.1058465-03:00,916715be-c77e-5698-942d-0736fe0c0a61,RVT-5DB4474D05F081F1,,VALIDATE,SKIPPED,Record status is not APPROVED.
2026-09-24T15:45:23.1058466-03:00,916715be-c77e-5698-942d-0736fe0c0a61,RVT-0395466AE4A7B906,,VALIDATE,SKIPPED,Record status is not APPROVED.
2026-09-24T15:45:23.1058468-03:00,916715be-c77e-5698-942d-0736fe0c0a61,RVT-7A0D3039070BF598,,VALIDATE,SKIPPED,Record status is not APPROVED.
2026-09-24T15:45:23.1058469-03:00,916715be-c77e-5698-942d-0736fe0c0a61,RVT-7B6BE825BDC00C89,,VALIDATE,SKIPPED,Record status is not APPROVED.
2026-09-24T15:45:23.1058470-03:00,916715be-c77e-5698-942d-0736fe0c0a61,RVT-B95DE6D8047793E9,,VALIDATE,SKIPPED,Record status is not APPROVED.
2026-09-24T15:45:23.1058471-03:00,916715be-c77e-5698-942d-0736fe0c0a61,RVT-6CEB72B1F33C9D29,,VALIDATE,SKIPPED,Record status is not APPROVED.
2026-09-24T15:45:23.1058472-03:00,916715be-c77e-5698-942d-0736fe0c0a61,RVT-B6D638D51A574ACC,,VALIDATE,SKIPPED,Record status is not APPROVED.
2026-09-24T15:45:23.1058473-03:00,916715be-c77e-5698-942d-0736fe0c0a61,RVT-3C238D8846F7ADEE,,VALIDATE,SKIPPED,Record status is not APPROVED.
2026-09-24T15:45:23.1058474-03:00,916715be-c77e-5698-942d-0736fe0c0a61,RVT-722BE4100586E884,,VALIDATE,SKIPPED,Record status is not APPROVED.
2026-09-24T15:45:23.1058476-03:00,916715be-c77e-5698-942d-0736fe0c0a61,RVT-7D4D77EC9B6DB355,,VALIDATE,SKIPPED,Record status is not APPROVED.
2026-09-24T15:45:23.1058477-03:00,916715be-c77e-5698-942d-0736fe0c0a61,RVT-C153F62AEEA0877E,,VALIDATE,SKIPPED,Record status is not APPROVED.
2026-09-24T15:45:23.1058478-03:00,916715be-c77e-5698-942d-0736fe0c0a61,RVT-31259D9742D32B02,,VALIDATE,SKIPPED,Record status is not APPROVED.
2026-09-24T15:45:23.1058479-03:00,916715be-c77e-5698-942d-0736fe0c0a61,RVT-0DDB8158D235F0AD,,VALIDATE,SKIPPED,Record status is not APPROVED.
2026-09-24T15:45:23.1058480-03:00,916715be-c77e-5698-942d-0736fe0c0a61,RVT-182930999F133161,,VALIDATE,SKIPPED,Record status is not APPROVED.
2026-09-24T15:45:23.1058481-03:00,916715be-c77e-5698-942d-0736fe0c0a61,RVT-A72D1F7187C1B590,,VALIDATE,SKIPPED,Record status is not APPROVED.
2026-09-24T15:45:23.1058482-03:00,916715be-c77e-5698-942d-0736fe0c0a61,RVT-A2A72669E3631A0E,,VALIDATE,SKIPPED,Record status is not APPROVED.
2026-09-24T15:45:23.1058483-03:00,916715be-c77e-5698-942d-0736fe0c0a61,RVT-FB536D11D0886266,,VALIDATE,SKIPPED,Record status is not APPROVED.
2026-09-24T15:45:23.1058484-03:00,916715be-c77e-5698-942d-0736fe0c0a61,RVT-957B2098769299EA,,VALIDATE,SKIPPED,Record status is not APPROVED.
2026-09-24T15:45:23.1058486-03:00,916715be-c77e-5698-942d-0736fe0c0a61,RVT-F3E4DC845AA10CC1,,VALIDATE,SKIPPED,Record status is not APPROVED.
2026-09-24T15:45:23.1058487-03:00,916715be-c77e-5698-942d-0736fe0c0a61,RVT-4367C4E64D55728A,,VALIDATE,SKIPPED,Record status is not APPROVED.
2026-09-24T15:45:23.1058488-03:00,916715be-c77e-5698-942d-0736fe0c0a61,RVT-57B192E1200F3DB8,,VALIDATE,SKIPPED,Record status is not APPROVED.
2026-09-24T15:45:23.1058490-03:00,916715be-c77e-5698-942d-0736fe0c0a61,RVT-DA244B3C73D30D13,,VALIDATE,SKIPPED,Record status is not APPROVED.
2026-09-24T15:45:23.1058491-03:00,916715be-c77e-5698-942d-0736fe0c0a61,RVT-45952E04E868AE4C,,VALIDATE,SKIPPED,Record status is not APPROVED.
2026-09-24T15:45:23.1058492-03:00,916715be-c77e-5698-942d-0736fe0c0a61,RVT-2E42B63DEEE06599,,VALIDATE,SKIPPED,Record status is not APPROVED.
2026-09-24T15:45:23.1058493-03:00,916715be-c77e-5698-942d-0736fe0c0a61,RVT-3A46D6C68949B800,,VALIDATE,SKIPPED,Record status is not APPROVED.
2026-09-24T15:45:23.1058494-03:00,916715be-c77e-5698-942d-0736fe0c0a61,RVT-BD180F6FBE8DF86E,,VALIDATE,SKIPPED,Record status is not APPROVED.
2026-09-24T15:45:23.1058495-03:00,916715be-c77e-5698-942d-0736fe0c0a61,RVT-7870E7D4DAEEF1FB,,VALIDATE,SKIPPED,Record status is not APPROVED.
2026-09-24T15:45:23.1058497-03:00,916715be-c77e-5698-942d-0736fe0c0a61,RVT-320CDB390598B367,,VALIDATE,SKIPPED,Record status is not APPROVED.
2026-09-24T15:45:23.1058498-03:00,916715be-c77e-5698-942d-0736fe0c0a61,RVT-2221500F5AD48D53,,VALIDATE,SKIPPED,Record status is not APPROVED.
2026-09-24T15:45:23.1058499-03:00,916715be-c77e-5698-942d-0736fe0c0a61,RVT-D20329A6ACA6292F,,VALIDATE,SKIPPED,Record status is not APPROVED.
2026-09-24T15:45:23.1058500-03:00,916715be-c77e-5698-942d-0736fe0c0a61,RVT-7DA72F44732DACB5,,VALIDATE,SKIPPED,Record status is not APPROVED.
2026-09-24T15:45:23.1058501-03:00,916715be-c77e-5698-942d-0736fe0c0a61,RVT-788FBE3E6F180BD3,,VALIDATE,SKIPPED,Record status is not APPROVED.
2026-09-24T15:45:23.1058502-03:00,916715be-c77e-5698-942d-0736fe0c0a61,RVT-C0AED5F62164EE13,,VALIDATE,SKIPPED,Record status is not APPROVED.
2026-09-24T15:45:23.1058503-03:00,916715be-c77e-5698-942d-0736fe0c0a61,RVT-C54631DE770C3D6F,,VALIDATE,SKIPPED,Record status is not APPROVED.
2026-09-24T15:45:23.1058505-03:00,916715be-c77e-5698-942d-0736fe0c0a61,RVT-153FF0578185D2C9,,VALIDATE,SKIPPED,Record status is not APPROVED.
2026-09-24T15:45:23.1058506-03:00,916715be-c77e-5698-942d-0736fe0c0a61,RVT-5E13A1E16FA2BBFC,,VALIDATE,SKIPPED,Record status is not APPROVED.
2026-09-24T15:45:23.1058507-03:00,916715be-c77e-5698-942d-0736fe0c0a61,RVT-71EC6DCC05AB5615,,VALIDATE,SKIPPED,Record status is not APPROVED.
2026-09-24T15:45:23.1058508-03:00,916715be-c77e-5698-942d-0736fe0c0a61,RVT-7A8168FC77244FA4,,VALIDATE,SKIPPED,Record status is not APPROVED.
2026-09-24T15:45:23.1058509-03:00,916715be-c77e-5698-942d-0736fe0c0a61,RVT-A796BD9A9CDDFB7B,,VALIDATE,SKIPPED,Record status is not APPROVED.
2026-09-24T15:45:23.1058510-03:00,916715be-c77e-5698-942d-0736fe0c0a61,RVT-17BBF79DD3EE7824,,VALIDATE,SKIPPED,Record status is not APPROVED.
2026-09-24T15:45:23.1058512-03:00,916715be-c77e-5698-942d-0736fe0c0a61,RVT-3EF7119A4D601A54,,VALIDATE,SKIPPED,Record status is not APPROVED.
2026-09-24T15:45:23.1058513-03:00,916715be-c77e-5698-942d-0736fe0c0a61,RVT-E3FF8E61F97ABAD7,,VALIDATE,SKIPPED,Record status is not APPROVED.
2026-09-24T15:45:23.1058514-03:00,916715be-c77e-5698-942d-0736fe0c0a61,RVT-865B3B7718AC0A31,,VALIDATE,SKIPPED,Record status is not APPROVED.
2026-09-24T15:45:23.1058514-03:00,916715be-c77e-5698-942d-0736fe0c0a61,RVT-8019A75CE6E632B1,,VALIDATE,SKIPPED,Record status is not APPROVED.
2026-09-24T15:45:23.1058515-03:00,916715be-c77e-5698-942d-0736fe0c0a61,RVT-A59421A5D7184441,,VALIDATE,SKIPPED,Record status is not APPROVED.
2026-09-24T15:45:23.1058516-03:00,916715be-c77e-5698-942d-0736fe0c0a61,RVT-736FC0EE8E64C4BC,,VALIDATE,SKIPPED,Record status is not APPROVED.
2026-09-24T15:45:23.1058518-03:00,916715be-c77e-5698-942d-0736fe0c0a61,RVT-C07F9A984444EBE2,,VALIDATE,SKIPPED,Record status is not APPROVED.
2026-09-24T15:45:23.1058519-03:00,916715be-c77e-5698-942d-0736fe0c0a61,RVT-CC3AAC93477B23D1,,VALIDATE,SKIPPED,Record status is not APPROVED.
2026-09-24T15:45:23.1058520-03:00,916715be-c77e-5698-942d-0736fe0c0a61,RVT-F84F98265666D401,,VALIDATE,SKIPPED,Record status is not APPROVED.
2026-09-24T15:45:23.1058521-03:00,916715be-c77e-5698-942d-0736fe0c0a61,RVT-2332E455126B3498,,VALIDATE,SKIPPED,Record status is not APPROVED.
2026-09-24T15:45:23.1058522-03:00,916715be-c77e-5698-942d-0736fe0c0a61,RVT-0FE20CD04598D768,,VALIDATE,SKIPPED,Record status is not APPROVED.
2026-09-24T15:45:23.1058523-03:00,916715be-c77e-5698-942d-0736fe0c0a61,RVT-F7E095E4C4342619,,VALIDATE,SKIPPED,Record status is not APPROVED.
2026-09-24T15:45:23.1058524-03:00,916715be-c77e-5698-942d-0736fe0c0a61,RVT-7B8D2ADF68E3EC55,,VALIDATE,SKIPPED,Record status is not APPROVED.
2026-09-24T15:45:23.1058525-03:00,916715be-c77e-5698-942d-0736fe0c0a61,RVT-233E4F02713080D0,,VALIDATE,SKIPPED,Record status is not APPROVED.
2026-09-24T15:45:23.1058527-03:00,916715be-c77e-5698-942d-0736fe0c0a61,RVT-17192B5F5FCA7429,,VALIDATE,SKIPPED,Record status is not APPROVED.
2026-09-24T15:45:23.1058528-03:00,916715be-c77e-5698-942d-0736fe0c0a61,RVT-9F4D902D3160C8F8,,VALIDATE,SKIPPED,Record status is not APPROVED.
2026-09-24T15:45:23.1058529-03:00,916715be-c77e-5698-942d-0736fe0c0a61,RVT-8D1317A32C36AD90,,VALIDATE,SKIPPED,Record status is not APPROVED.
2026-09-24T15:45:23.1058530-03:00,916715be-c77e-5698-942d-0736fe0c0a61,RVT-49F8FF574054E6AB,,VALIDATE,SKIPPED,Record status is not APPROVED.
2026-09-24T15:45:23.1058531-03:00,916715be-c77e-5698-942d-0736fe0c0a61,RVT-DBACD70F7F4C07F1,,VALIDATE,SKIPPED,Record status is not APPROVED.
2026-09-24T15:45:23.1058532-03:00,916715be-c77e-5698-942d-0736fe0c0a61,RVT-1F189C1ACB6EA281,,VALIDATE,SKIPPED,Record status is not APPROVED.
2026-09-24T15:45:23.1058533-03:00,916715be-c77e-5698-942d-0736fe0c0a61,RVT-D38BDE6CEA20E0FD,,VALIDATE,SKIPPED,Record status is not APPROVED.
2026-09-24T15:45:23.1058535-03:00,916715be-c77e-5698-942d-0736fe0c0a61,RVT-D170F1A78D9A034C,,VALIDATE,SKIPPED,Record status is not APPROVED.
2026-09-24T15:45:23.1058536-03:00,916715be-c77e-5698-942d-0736fe0c0a61,RVT-ED8B85C68C2B7871,,VALIDATE,SKIPPED,Record status is not APPROVED.
2026-09-24T15:45:23.1058537-03:00,916715be-c77e-5698-942d-0736fe0c0a61,RVT-E1DC5E0B09A8D63E,,VALIDATE,SKIPPED,Record status is not APPROVED.
2026-09-24T15:45:23.1058538-03:00,916715be-c77e-5698-942d-0736fe0c0a61,RVT-3691F8E160C13EC5,,VALIDATE,SKIPPED,Record status is not APPROVED.
2026-09-24T15:45:23.1058539-03:00,916715be-c77e-5698-942d-0736fe0c0a61,RVT-B7D90D487440EB67,,VALIDATE,SKIPPED,Record status is not APPROVED.
2026-09-24T15:45:23.1058540-03:00,916715be-c77e-5698-942d-0736fe0c0a61,RVT-CE4622BF538B11EA,,VALIDATE,SKIPPED,Record status is not APPROVED.
2026-09-24T15:45:23.1058541-03:00,916715be-c77e-5698-942d-0736fe0c0a61,RVT-8E74218A6FA80AD1,,VALIDATE,SKIPPED,Record status is not APPROVED.
2026-09-24T15:45:23.1058542-03:00,916715be-c77e-5698-942d-0736fe0c0a61,RVT-0FB7A8B590A162A7,,VALIDATE,SKIPPED,Record status is not APPROVED.
2026-09-24T15:45:23.1058543-03:00,916715be-c77e-5698-942d-0736fe0c0a61,RVT-C12D8F5FFAE8EFD6,,VALIDATE,SKIPPED,Record status is not APPROVED.
2026-09-24T15:45:23.1058545-03:00,916715be-c77e-5698-942d-0736fe0c0a61,RVT-357BA59AE5E78650,,VALIDATE,SKIPPED,Record status is not APPROVED.
2026-09-24T15:45:23.1058546-03:00,916715be-c77e-5698-942d-0736fe0c0a61,RVT-6BA478D7D05B0CC9,,VALIDATE,SKIPPED,Record status is not APPROVED.
2026-09-24T15:45:23.1058547-03:00,916715be-c77e-5698-942d-0736fe0c0a61,RVT-466940E0D90263CD,,VALIDATE,SKIPPED,Record status is not APPROVED.
2026-09-24T15:45:23.1058548-03:00,916715be-c77e-5698-942d-0736fe0c0a61,RVT-3A1D52E22A6C6959,,VALIDATE,SKIPPED,Record status is not APPROVED.
2026-09-24T15:45:23.1058549-03:00,916715be-c77e-5698-942d-0736fe0c0a61,RVT-301E910671D5C4BB,,VALIDATE,SKIPPED,Record status is not APPROVED.
2026-09-24T15:45:23.1058551-03:00,916715be-c77e-5698-942d-0736fe0c0a61,RVT-00FAC25FF3598F6E,,VALIDATE,SKIPPED,Record status is not APPROVED.
2026-09-24T15:45:23.1058552-03:00,916715be-c77e-5698-942d-0736fe0c0a61,RVT-530E0BE4FA565042,,VALIDATE,SKIPPED,Record status is not APPROVED.
2026-09-24T15:45:23.1058553-03:00,916715be-c77e-5698-942d-0736fe0c0a61,RVT-0B255B48613500F6,,VALIDATE,SKIPPED,Record status is not APPROVED.
2026-09-24T15:45:23.1058554-03:00,916715be-c77e-5698-942d-0736fe0c0a61,RVT-C42147372B92DE14,,VALIDATE,SKIPPED,Record status is not APPROVED.
2026-09-24T15:45:23.1058555-03:00,916715be-c77e-5698-942d-0736fe0c0a61,RVT-2BC33D73D49BF69B,,VALIDATE,SKIPPED,Record status is not APPROVED.
2026-09-24T15:45:23.1058556-03:00,916715be-c77e-5698-942d-0736fe0c0a61,RVT-51D15631EBCBBFEB,,VALIDATE,SKIPPED,Record status is not APPROVED.
2026-09-24T15:45:23.1058557-03:00,916715be-c77e-5698-942d-0736fe0c0a61,RVT-A313D84259EF0914,,VALIDATE,SKIPPED,Record status is not APPROVED.
2026-09-24T15:45:23.1058558-03:00,916715be-c77e-5698-942d-0736fe0c0a61,RVT-B1C4AA861F160794,,VALIDATE,SKIPPED,Record status is not APPROVED.
2026-09-24T15:45:23.1058559-03:00,916715be-c77e-5698-942d-0736fe0c0a61,RVT-B8415CF44E4EA014,,VALIDATE,SKIPPED,Record status is not APPROVED.
2026-09-24T15:45:23.1058561-03:00,916715be-c77e-5698-942d-0736fe0c0a61,RVT-AE80BAF8CB78B800,,VALIDATE,SKIPPED,Record status is not APPROVED.
2026-09-24T15:45:23.1058562-03:00,916715be-c77e-5698-942d-0736fe0c0a61,RVT-817B489E18B52F8B,,VALIDATE,SKIPPED,Record status is not APPROVED.
2026-09-24T15:45:23.1058562-03:00,916715be-c77e-5698-942d-0736fe0c0a61,RVT-86ABE24384E9259C,,VALIDATE,SKIPPED,Record status is not APPROVED.
2026-09-24T15:45:23.1058563-03:00,916715be-c77e-5698-942d-0736fe0c0a61,RVT-EDEC26C88029C8C7,,VALIDATE,SKIPPED,Record status is not APPROVED.
2026-09-24T15:45:23.1058564-03:00,916715be-c77e-5698-942d-0736fe0c0a61,RVT-5AB30BF5F215740A,,VALIDATE,SKIPPED,Record status is not APPROVED.
2026-09-24T15:45:23.1058566-03:00,916715be-c77e-5698-942d-0736fe0c0a61,RVT-52D96DB9E17F2DF4,,VALIDATE,SKIPPED,Record status is not APPROVED.
2026-09-24T15:45:23.1058567-03:00,916715be-c77e-5698-942d-0736fe0c0a61,RVT-A9986C1D5292B0DC,,VALIDATE,SKIPPED,Record status is not APPROVED.
2026-09-24T15:45:23.1058568-03:00,916715be-c77e-5698-942d-0736fe0c0a61,RVT-5C3C7127B911644D,,VALIDATE,SKIPPED,Record status is not APPROVED.
2026-09-24T15:45:23.1058569-03:00,916715be-c77e-5698-942d-0736fe0c0a61,RVT-52530F16B900B712,,VALIDATE,SKIPPED,Record status is not APPROVED.
2026-09-24T15:45:23.1058570-03:00,916715be-c77e-5698-942d-0736fe0c0a61,RVT-FC5DCB00869F2AC6,,VALIDATE,SKIPPED,Record status is not APPROVED.
2026-09-24T15:45:23.1058572-03:00,916715be-c77e-5698-942d-0736fe0c0a61,RVT-7E401337CEB9EFFB,,VALIDATE,SKIPPED,Record status is not APPROVED.
2026-09-24T15:45:23.1058573-03:00,916715be-c77e-5698-942d-0736fe0c0a61,RVT-78B7586867E69187,,VALIDATE,SKIPPED,Record status is not APPROVED.
2026-09-24T15:45:23.1058574-03:00,916715be-c77e-5698-942d-0736fe0c0a61,RVT-1834AF0DF0F093CB,,VALIDATE,SKIPPED,Record status is not APPROVED.
2026-09-24T15:45:23.1058575-03:00,916715be-c77e-5698-942d-0736fe0c0a61,RVT-E25E94B4B066C500,,VALIDATE,SKIPPED,Record status is not APPROVED.
2026-09-24T15:45:23.1058576-03:00,916715be-c77e-5698-942d-0736fe0c0a61,RVT-668333A562DD04C3,,VALIDATE,SKIPPED,Record status is not APPROVED.
2026-09-24T15:45:23.1058577-03:00,916715be-c77e-5698-942d-0736fe0c0a61,RVT-60AAE139EDCB5926,,VALIDATE,SKIPPED,Record status is not APPROVED.
2026-09-24T15:45:23.1058578-03:00,916715be-c77e-5698-942d-0736fe0c0a61,RVT-0FBE505FD96DF888,,VALIDATE,SKIPPED,Record status is not APPROVED.
2026-09-24T15:45:23.1058580-03:00,916715be-c77e-5698-942d-0736fe0c0a61,RVT-03C19BD1E8048650,,VALIDATE,SKIPPED,Record status is not APPROVED.
2026-09-24T15:45:23.1058581-03:00,916715be-c77e-5698-942d-0736fe0c0a61,RVT-99EB05753DE63A56,,VALIDATE,SKIPPED,Record status is not APPROVED.
2026-09-24T15:45:23.1058582-03:00,916715be-c77e-5698-942d-0736fe0c0a61,RVT-A8E52F4DE8E83006,,VALIDATE,SKIPPED,Record status is not APPROVED.
2026-09-24T15:45:23.1058583-03:00,916715be-c77e-5698-942d-0736fe0c0a61,RVT-8B5056A6510CA3FD,,VALIDATE,SKIPPED,Record status is not APPROVED.
2026-09-24T15:45:23.1058584-03:00,916715be-c77e-5698-942d-0736fe0c0a61,RVT-CF0374EC6D4BB597,,VALIDATE,SKIPPED,Record status is not APPROVED.
2026-09-24T15:45:23.1058585-03:00,916715be-c77e-5698-942d-0736fe0c0a61,RVT-B6916A33C464522F,,VALIDATE,SKIPPED,Record status is not APPROVED.
2026-09-24T15:45:23.1058586-03:00,916715be-c77e-5698-942d-0736fe0c0a61,RVT-20C93B5EA5045A21,,VALIDATE,SKIPPED,Record status is not APPROVED.
2026-09-24T15:45:23.1058587-03:00,916715be-c77e-5698-942d-0736fe0c0a61,RVT-A7364D8CDC0E52BC,,VALIDATE,SKIPPED,Record status is not APPROVED.
2026-09-24T15:45:23.1058588-03:00,916715be-c77e-5698-942d-0736fe0c0a61,RVT-0437974AA70F974E,,VALIDATE,SKIPPED,Record status is not APPROVED.
2026-09-24T15:45:23.1058590-03:00,916715be-c77e-5698-942d-0736fe0c0a61,RVT-7B5B490D3D09E866,,VALIDATE,SKIPPED,Record status is not APPROVED.
2026-09-24T15:45:23.1058590-03:00,916715be-c77e-5698-942d-0736fe0c0a61,RVT-AC9D937CCD66FD48,,VALIDATE,SKIPPED,Record status is not APPROVED.
2026-09-24T15:45:23.1058591-03:00,916715be-c77e-5698-942d-0736fe0c0a61,RVT-F036EF07F4BF3CCE,,VALIDATE,SKIPPED,Record status is not APPROVED.
2026-09-24T15:45:23.1058593-03:00,916715be-c77e-5698-942d-0736fe0c0a61,RVT-4FF42A5FA41FF7FA,,VALIDATE,SKIPPED,Record status is not APPROVED.
2026-09-24T15:45:23.1058594-03:00,916715be-c77e-5698-942d-0736fe0c0a61,RVT-AFBD56D4138A235A,,VALIDATE,SKIPPED,Record status is not APPROVED.
2026-09-24T15:45:23.1058595-03:00,916715be-c77e-5698-942d-0736fe0c0a61,RVT-3A8F70810A1D11CB,,VALIDATE,SKIPPED,Record status is not APPROVED.
2026-09-24T15:45:23.1058602-03:00,916715be-c77e-5698-942d-0736fe0c0a61,RVT-ECF4857AED450AB2,,VALIDATE,SKIPPED,Record status is not APPROVED.
2026-09-24T15:45:23.1058603-03:00,916715be-c77e-5698-942d-0736fe0c0a61,RVT-D8B61064D4DA071B,,VALIDATE,SKIPPED,Record status is not APPROVED.
2026-09-24T15:45:23.1058605-03:00,916715be-c77e-5698-942d-0736fe0c0a61,RVT-EE0A6F9C5E46BFA9,,VALIDATE,SKIPPED,Record status is not APPROVED.
2026-09-24T15:45:23.1058606-03:00,916715be-c77e-5698-942d-0736fe0c0a61,RVT-6B931D7BE944CAAA,,VALIDATE,SKIPPED,Record status is not APPROVED.
2026-09-24T15:45:23.1058607-03:00,916715be-c77e-5698-942d-0736fe0c0a61,RVT-3FA37ACBF7C72FDC,,VALIDATE,SKIPPED,Record status is not APPROVED.
2026-09-24T15:45:23.1058608-03:00,916715be-c77e-5698-942d-0736fe0c0a61,RVT-0E9432BC48BAF409,,VALIDATE,SKIPPED,Record status is not APPROVED.
2026-09-24T15:45:23.1058609-03:00,916715be-c77e-5698-942d-0736fe0c0a61,RVT-84F5E53978DD1F51,,VALIDATE,SKIPPED,Record status is not APPROVED.
2026-09-24T15:45:23.1058610-03:00,916715be-c77e-5698-942d-0736fe0c0a61,RVT-47B44162E61D28CA,,VALIDATE,SKIPPED,Record status is not APPROVED.
2026-09-24T15:45:23.1058611-03:00,916715be-c77e-5698-942d-0736fe0c0a61,RVT-21DEE78C0F01B5A8,,VALIDATE,SKIPPED,Record status is not APPROVED.
2026-09-24T15:45:23.1058613-03:00,916715be-c77e-5698-942d-0736fe0c0a61,RVT-F3B576F2C26FF091,,VALIDATE,SKIPPED,Record status is not APPROVED.
2026-09-24T15:45:23.1058614-03:00,916715be-c77e-5698-942d-0736fe0c0a61,RVT-339C6569BBAC5025,,VALIDATE,SKIPPED,Record status is not APPROVED.
2026-09-24T15:45:23.1058615-03:00,916715be-c77e-5698-942d-0736fe0c0a61,RVT-9B65A9F98D51A52F,,VALIDATE,SKIPPED,Record status is not APPROVED.
2026-09-24T15:45:23.1058616-03:00,916715be-c77e-5698-942d-0736fe0c0a61,RVT-86342BC7965DE8E9,,VALIDATE,SKIPPED,Record status is not APPROVED.
2026-09-24T15:45:23.1058617-03:00,916715be-c77e-5698-942d-0736fe0c0a61,RVT-D4F2C1DB4570CE1C,,VALIDATE,SKIPPED,Record status is not APPROVED.
2026-09-24T15:45:23.1058618-03:00,916715be-c77e-5698-942d-0736fe0c0a61,RVT-13878467C1F3E88A,,VALIDATE,SKIPPED,Record status is not APPROVED.
2026-09-24T15:45:23.1058619-03:00,916715be-c77e-5698-942d-0736fe0c0a61,RVT-08137C8152A274FF,,VALIDATE,SKIPPED,Record status is not APPROVED.
2026-09-24T15:45:23.1058620-03:00,916715be-c77e-5698-942d-0736fe0c0a61,RVT-D073B192211A65E4,,VALIDATE,SKIPPED,Record status is not APPROVED.
2026-09-24T15:45:23.1058621-03:00,916715be-c77e-5698-942d-0736fe0c0a61,RVT-9840AC65F0F8F131,,VALIDATE,SKIPPED,Record status is not APPROVED.
2026-09-24T15:45:23.1058622-03:00,916715be-c77e-5698-942d-0736fe0c0a61,RVT-47E53B11FB160298,,VALIDATE,SKIPPED,Record status is not APPROVED.
2026-09-24T15:45:23.1058623-03:00,916715be-c77e-5698-942d-0736fe0c0a61,RVT-4907AAC2E6738EA2,,VALIDATE,SKIPPED,Record status is not APPROVED.
2026-09-24T15:45:23.1058625-03:00,916715be-c77e-5698-942d-0736fe0c0a61,RVT-A6BA2A0D6B44DEE2,,VALIDATE,SKIPPED,Record status is not APPROVED.
2026-09-24T15:45:23.1058626-03:00,916715be-c77e-5698-942d-0736fe0c0a61,RVT-0103582616F6BB4F,,VALIDATE,SKIPPED,Record status is not APPROVED.
2026-09-24T15:45:23.1058627-03:00,916715be-c77e-5698-942d-0736fe0c0a61,RVT-252141F4A07E8C98,,VALIDATE,SKIPPED,Record status is not APPROVED.
2026-09-24T15:45:23.1058628-03:00,916715be-c77e-5698-942d-0736fe0c0a61,RVT-8D497972917FE6AC,,VALIDATE,SKIPPED,Record status is not APPROVED.
2026-09-24T15:45:23.1058629-03:00,916715be-c77e-5698-942d-0736fe0c0a61,RVT-6E6F1B71A8A51D56,,VALIDATE,SKIPPED,Record status is not APPROVED.
2026-09-24T15:45:23.1058630-03:00,916715be-c77e-5698-942d-0736fe0c0a61,RVT-7B73630BBC92DA2B,,VALIDATE,SKIPPED,Record status is not APPROVED.
2026-09-24T15:45:23.1058631-03:00,916715be-c77e-5698-942d-0736fe0c0a61,RVT-21A46D549477FBDF,,VALIDATE,SKIPPED,Record status is not APPROVED.
2026-09-24T15:45:23.1058632-03:00,916715be-c77e-5698-942d-0736fe0c0a61,RVT-FB0A25717C78EA3A,,VALIDATE,SKIPPED,Record status is not APPROVED.
2026-09-24T15:45:23.1058634-03:00,916715be-c77e-5698-942d-0736fe0c0a61,RVT-76C13C7A9CA3E66B,,VALIDATE,SKIPPED,Record status is not APPROVED.
2026-09-24T15:45:23.1058635-03:00,916715be-c77e-5698-942d-0736fe0c0a61,RVT-F42D6FD0334E222B,,VALIDATE,SKIPPED,Record status is not APPROVED.
2026-09-24T15:45:23.1058636-03:00,916715be-c77e-5698-942d-0736fe0c0a61,RVT-57468BEA1F1270EE,,VALIDATE,SKIPPED,Record status is not APPROVED.
2026-09-24T15:45:23.1058637-03:00,916715be-c77e-5698-942d-0736fe0c0a61,RVT-531177F8716B7DF5,,VALIDATE,SKIPPED,Record status is not APPROVED.
2026-09-24T15:45:23.1058638-03:00,916715be-c77e-5698-942d-0736fe0c0a61,RVT-07F891E970C739A8,,VALIDATE,SKIPPED,Record status is not APPROVED.
2026-09-24T15:45:23.1058639-03:00,916715be-c77e-5698-942d-0736fe0c0a61,RVT-42C5C13F6AE2F5B6,,VALIDATE,SKIPPED,Record status is not APPROVED.
2026-09-24T15:45:23.1058641-03:00,916715be-c77e-5698-942d-0736fe0c0a61,RVT-E9F36220B8264957,,VALIDATE,SKIPPED,Record status is not APPROVED.
2026-09-24T15:45:23.1058642-03:00,916715be-c77e-5698-942d-0736fe0c0a61,RVT-1CD128C4951F4A6C,,VALIDATE,SKIPPED,Record status is not APPROVED.
2026-09-24T15:45:23.1058644-03:00,916715be-c77e-5698-942d-0736fe0c0a61,RVT-16AFFF902EB0AFF3,,VALIDATE,SKIPPED,Record status is not APPROVED.
2026-09-24T15:45:23.1058645-03:00,916715be-c77e-5698-942d-0736fe0c0a61,RVT-09E58578B32199A2,,VALIDATE,SKIPPED,Record status is not APPROVED.
2026-09-24T15:45:23.1058646-03:00,916715be-c77e-5698-942d-0736fe0c0a61,RVT-7BE0B4E2E3F25809,,VALIDATE,SKIPPED,Record status is not APPROVED.
2026-09-24T15:45:23.1058647-03:00,916715be-c77e-5698-942d-0736fe0c0a61,RVT-F3031D80902329B4,,VALIDATE,SKIPPED,Record status is not APPROVED.
2026-09-24T15:45:23.1058648-03:00,916715be-c77e-5698-942d-0736fe0c0a61,RVT-DA071B12DF3A7D28,,VALIDATE,SKIPPED,Record status is not APPROVED.
2026-09-24T15:45:23.1058649-03:00,916715be-c77e-5698-942d-0736fe0c0a61,RVT-9950603125AD5235,,VALIDATE,SKIPPED,Record status is not APPROVED.
2026-09-24T15:45:23.1058650-03:00,916715be-c77e-5698-942d-0736fe0c0a61,RVT-0E918FBD1C97452D,,VALIDATE,SKIPPED,Record status is not APPROVED.
2026-09-24T15:45:23.1058651-03:00,916715be-c77e-5698-942d-0736fe0c0a61,RVT-87C5999FC904FC60,,VALIDATE,SKIPPED,Record status is not APPROVED.
2026-09-24T15:45:23.1058653-03:00,916715be-c77e-5698-942d-0736fe0c0a61,RVT-6DE9E4F6DE6919A0,,VALIDATE,SKIPPED,Record status is not APPROVED.
2026-09-24T15:45:23.1058654-03:00,916715be-c77e-5698-942d-0736fe0c0a61,RVT-EB7EBBB93FD5FDE5,,VALIDATE,SKIPPED,Record status is not APPROVED.
2026-09-24T15:45:23.1058656-03:00,916715be-c77e-5698-942d-0736fe0c0a61,RVT-5C50105B6F8964B2,,VALIDATE,SKIPPED,Record status is not APPROVED.
2026-09-24T15:45:23.1058657-03:00,916715be-c77e-5698-942d-0736fe0c0a61,RVT-FCEF47CEC62AABF9,,VALIDATE,SKIPPED,Record status is not APPROVED.
2026-09-24T15:45:23.1058658-03:00,916715be-c77e-5698-942d-0736fe0c0a61,RVT-3D06425028991D16,,VALIDATE,SKIPPED,Record status is not APPROVED.
2026-09-24T15:45:23.1058659-03:00,916715be-c77e-5698-942d-0736fe0c0a61,RVT-F6D28C563229B3A3,,VALIDATE,SKIPPED,Record status is not APPROVED.
2026-09-24T15:45:23.1058660-03:00,916715be-c77e-5698-942d-0736fe0c0a61,RVT-C3399BBFADAFA5ED,,VALIDATE,SKIPPED,Record status is not APPROVED.
2026-09-24T15:45:23.1058661-03:00,916715be-c77e-5698-942d-0736fe0c0a61,RVT-6DD7C3FC5DE96AE5,,VALIDATE,SKIPPED,Record status is not APPROVED.
2026-09-24T15:45:23.1058663-03:00,916715be-c77e-5698-942d-0736fe0c0a61,RVT-3925CB258EA1C59B,,VALIDATE,SKIPPED,Record status is not APPROVED.
2026-09-24T15:45:23.1058664-03:00,916715be-c77e-5698-942d-0736fe0c0a61,RVT-A05C22AC4609CFB6,,VALIDATE,SKIPPED,Record status is not APPROVED.
2026-09-24T15:45:23.1058665-03:00,916715be-c77e-5698-942d-0736fe0c0a61,RVT-6D9A83F3C8BF1D1B,,VALIDATE,SKIPPED,Record status is not APPROVED.
2026-09-24T15:45:23.1058666-03:00,916715be-c77e-5698-942d-0736fe0c0a61,RVT-201200EBDEB210A8,,VALIDATE,SKIPPED,Record status is not APPROVED.
2026-09-24T15:45:23.1058667-03:00,916715be-c77e-5698-942d-0736fe0c0a61,RVT-F76BC92F0B4D265A,,VALIDATE,SKIPPED,Record status is not APPROVED.
2026-09-24T15:45:23.1058668-03:00,916715be-c77e-5698-942d-0736fe0c0a61,RVT-30412820A708990D,,VALIDATE,SKIPPED,Record status is not APPROVED.
2026-09-24T15:45:23.1058669-03:00,916715be-c77e-5698-942d-0736fe0c0a61,RVT-9A4F1839106596BC,,VALIDATE,SKIPPED,Record status is not APPROVED.
2026-09-24T15:45:23.1058670-03:00,916715be-c77e-5698-942d-0736fe0c0a61,RVT-E5BB351AC8877C26,,VALIDATE,SKIPPED,Record status is not APPROVED.
2026-09-24T15:45:23.1058672-03:00,916715be-c77e-5698-942d-0736fe0c0a61,RVT-6A3527E5C3E08303,,VALIDATE,SKIPPED,Record status is not APPROVED.
2026-09-24T15:45:23.1058673-03:00,916715be-c77e-5698-942d-0736fe0c0a61,RVT-D5BC6C0592580AC6,,VALIDATE,SKIPPED,Record status is not APPROVED.
2026-09-24T15:45:23.1058674-03:00,916715be-c77e-5698-942d-0736fe0c0a61,RVT-43B07D3D86DF243E,,VALIDATE,SKIPPED,Record status is not APPROVED.
2026-09-24T15:45:23.1058675-03:00,916715be-c77e-5698-942d-0736fe0c0a61,RVT-ACC8C6B50E82870B,,VALIDATE,SKIPPED,Record status is not APPROVED.
2026-09-24T15:45:23.1058676-03:00,916715be-c77e-5698-942d-0736fe0c0a61,RVT-5C2BBAB10DC3A7FF,,VALIDATE,SKIPPED,Record status is not APPROVED.
2026-09-24T15:45:23.1058677-03:00,916715be-c77e-5698-942d-0736fe0c0a61,RVT-FFD46CA5110DB6E5,,VALIDATE,SKIPPED,Record status is not APPROVED.
2026-09-24T15:45:23.1058678-03:00,916715be-c77e-5698-942d-0736fe0c0a61,RVT-30AF214A9F1F4FE6,,VALIDATE,SKIPPED,Record status is not APPROVED.
2026-09-24T15:45:23.1058679-03:00,916715be-c77e-5698-942d-0736fe0c0a61,RVT-2172219314FB35CA,,VALIDATE,SKIPPED,Record status is not APPROVED.
2026-09-24T15:45:23.1058680-03:00,916715be-c77e-5698-942d-0736fe0c0a61,RVT-BAF3485EF3CF3ECF,,VALIDATE,SKIPPED,Record status is not APPROVED.
2026-09-24T15:45:23.1058681-03:00,916715be-c77e-5698-942d-0736fe0c0a61,RVT-DA97389C108D5545,,VALIDATE,SKIPPED,Record status is not APPROVED.
2026-09-24T15:45:23.1058682-03:00,916715be-c77e-5698-942d-0736fe0c0a61,RVT-0E28AF0540DA9B15,,VALIDATE,SKIPPED,Record status is not APPROVED.
2026-09-24T15:45:23.1058684-03:00,916715be-c77e-5698-942d-0736fe0c0a61,RVT-3664EE4C2F2DD591,,VALIDATE,SKIPPED,Record status is not APPROVED.
2026-09-24T15:45:23.1058684-03:00,916715be-c77e-5698-942d-0736fe0c0a61,RVT-FF90010FFEE8E46D,,VALIDATE,SKIPPED,Record status is not APPROVED.
2026-09-24T15:45:23.1058686-03:00,916715be-c77e-5698-942d-0736fe0c0a61,RVT-054A5470C44C3E32,,VALIDATE,SKIPPED,Record status is not APPROVED.
2026-09-24T15:45:23.1058687-03:00,916715be-c77e-5698-942d-0736fe0c0a61,RVT-2494404213E19AB1,,VALIDATE,SKIPPED,Record status is not APPROVED.
2026-09-24T15:45:23.1058688-03:00,916715be-c77e-5698-942d-0736fe0c0a61,RVT-F0024E1367B5A312,,VALIDATE,SKIPPED,Record status is not APPROVED.
2026-09-24T15:45:23.1058689-03:00,916715be-c77e-5698-942d-0736fe0c0a61,RVT-FE25E8B0667A0F7C,,VALIDATE,SKIPPED,Record status is not APPROVED.
2026-09-24T15:45:23.1058690-03:00,916715be-c77e-5698-942d-0736fe0c0a61,RVT-2E012F58BB6D38AF,,VALIDATE,SKIPPED,Record status is not APPROVED.
2026-09-24T15:45:23.1058691-03:00,916715be-c77e-5698-942d-0736fe0c0a61,RVT-B46D43FE6E317F82,,VALIDATE,SKIPPED,Record status is not APPROVED.
2026-09-24T15:45:23.1058692-03:00,916715be-c77e-5698-942d-0736fe0c0a61,RVT-2B7A0C52D01512A7,,VALIDATE,SKIPPED,Record status is not APPROVED.
2026-09-24T15:45:23.1058695-03:00,916715be-c77e-5698-942d-0736fe0c0a61,RVT-37C24D8D530DE1FD,,VALIDATE,SKIPPED,Record status is not APPROVED.
2026-09-24T15:45:23.1058696-03:00,916715be-c77e-5698-942d-0736fe0c0a61,RVT-60BAC2544FFD206D,,VALIDATE,SKIPPED,Record status is not APPROVED.
2026-09-24T15:45:23.1058697-03:00,916715be-c77e-5698-942d-0736fe0c0a61,RVT-2979B2E0DDD928A9,,VALIDATE,SKIPPED,Record status is not APPROVED.
2026-09-24T15:45:23.1058698-03:00,916715be-c77e-5698-942d-0736fe0c0a61,RVT-DF6EB520913951FA,,VALIDATE,SKIPPED,Record status is not APPROVED.
2026-09-24T15:45:23.1058699-03:00,916715be-c77e-5698-942d-0736fe0c0a61,RVT-A34940FCFF830EBA,,VALIDATE,SKIPPED,Record status is not APPROVED.
2026-09-24T15:45:23.1058700-03:00,916715be-c77e-5698-942d-0736fe0c0a61,RVT-CACEB5B40E92CF96,,VALIDATE,SKIPPED,Record status is not APPROVED.
2026-09-24T15:45:23.1058701-03:00,916715be-c77e-5698-942d-0736fe0c0a61,RVT-D1F17CBD88C09EFC,,VALIDATE,SKIPPED,Record status is not APPROVED.
2026-09-24T15:45:23.1058702-03:00,916715be-c77e-5698-942d-0736fe0c0a61,RVT-EBA21959E15DE811,,VALIDATE,SKIPPED,Record status is not APPROVED.
2026-09-24T15:45:23.1058704-03:00,916715be-c77e-5698-942d-0736fe0c0a61,RVT-A19FF8FBC654887D,,VALIDATE,SKIPPED,Record status is not APPROVED.
2026-09-24T15:45:23.1058705-03:00,916715be-c77e-5698-942d-0736fe0c0a61,RVT-9DF2522FE1D1E7DE,,VALIDATE,SKIPPED,Record status is not APPROVED.
2026-09-24T15:45:23.1058706-03:00,916715be-c77e-5698-942d-0736fe0c0a61,RVT-0E88D3A0C3F8280C,,VALIDATE,SKIPPED,Record status is not APPROVED.
2026-09-24T15:45:23.1058707-03:00,916715be-c77e-5698-942d-0736fe0c0a61,RVT-1799508151C4C2EF,,VALIDATE,SKIPPED,Record status is not APPROVED.
2026-09-24T15:45:23.1058709-03:00,916715be-c77e-5698-942d-0736fe0c0a61,RVT-459A9CF8B21DABEA,,VALIDATE,SKIPPED,Record status is not APPROVED.
2026-09-24T15:45:23.1058710-03:00,916715be-c77e-5698-942d-0736fe0c0a61,RVT-691F7A700FA7B302,,VALIDATE,SKIPPED,Record status is not APPROVED.
2026-09-24T15:45:23.1058711-03:00,916715be-c77e-5698-942d-0736fe0c0a61,RVT-066EE6C0E91D1B0F,,VALIDATE,SKIPPED,Record status is not APPROVED.
2026-09-24T15:45:23.1058712-03:00,916715be-c77e-5698-942d-0736fe0c0a61,RVT-C493CC455DC6D324,,VALIDATE,SKIPPED,Record status is not APPROVED.
2026-09-24T15:45:23.1058713-03:00,916715be-c77e-5698-942d-0736fe0c0a61,RVT-4809AA5EFAF2F968,,VALIDATE,SKIPPED,Record status is not APPROVED.
2026-09-24T15:45:23.1058714-03:00,916715be-c77e-5698-942d-0736fe0c0a61,RVT-A61D110677EEB5A4,,VALIDATE,SKIPPED,Record status is not APPROVED.
2026-09-24T15:45:23.1058715-03:00,916715be-c77e-5698-942d-0736fe0c0a61,RVT-EBF942430D122244,,VALIDATE,SKIPPED,Record status is not APPROVED.
2026-09-24T15:45:23.1058716-03:00,916715be-c77e-5698-942d-0736fe0c0a61,RVT-7034B5E0E6D31E88,,VALIDATE,SKIPPED,Record status is not APPROVED.
2026-09-24T15:45:23.1058717-03:00,916715be-c77e-5698-942d-0736fe0c0a61,RVT-90A49F613EBB01CD,,VALIDATE,SKIPPED,Record status is not APPROVED.
2026-09-24T15:45:23.1058718-03:00,916715be-c77e-5698-942d-0736fe0c0a61,RVT-BFCB28264BBDF21B,,VALIDATE,SKIPPED,Record status is not APPROVED.
2026-09-24T15:45:23.1058719-03:00,916715be-c77e-5698-942d-0736fe0c0a61,RVT-0FC18EE889F871C0,,VALIDATE,SKIPPED,Record status is not APPROVED.
2026-09-24T15:45:23.1058720-03:00,916715be-c77e-5698-942d-0736fe0c0a61,RVT-A980927DCFDC0AEF,,VALIDATE,SKIPPED,Record status is not APPROVED.
2026-09-24T15:45:23.1058721-03:00,916715be-c77e-5698-942d-0736fe0c0a61,RVT-BDE437BE6E44E080,,VALIDATE,SKIPPED,Record status is not APPROVED.
2026-09-24T15:45:23.1058722-03:00,916715be-c77e-5698-942d-0736fe0c0a61,RVT-8AF4E836A86E4B48,,VALIDATE,SKIPPED,Record status is not APPROVED.
2026-09-24T15:45:23.1058723-03:00,916715be-c77e-5698-942d-0736fe0c0a61,RVT-70630F8D3FE84924,,VALIDATE,SKIPPED,Record status is not APPROVED.
2026-09-24T15:45:23.1058724-03:00,916715be-c77e-5698-942d-0736fe0c0a61,RVT-852AFE6F93362250,,VALIDATE,SKIPPED,Record status is not APPROVED.
2026-09-24T15:45:23.1058725-03:00,916715be-c77e-5698-942d-0736fe0c0a61,RVT-3DBE9E28FB2949CA,,VALIDATE,SKIPPED,Record status is not APPROVED.
2026-09-24T15:45:23.1058726-03:00,916715be-c77e-5698-942d-0736fe0c0a61,RVT-1752DDCEA3E5BE1A,,VALIDATE,SKIPPED,Record status is not APPROVED.
2026-09-24T15:45:23.1058727-03:00,916715be-c77e-5698-942d-0736fe0c0a61,RVT-3E0AEB995CFCAFB8,,VALIDATE,SKIPPED,Record status is not APPROVED.
2026-09-24T15:45:23.1058729-03:00,916715be-c77e-5698-942d-0736fe0c0a61,RVT-50B3A51795824C94,,VALIDATE,SKIPPED,Record status is not APPROVED.
2026-09-24T15:45:23.1058730-03:00,916715be-c77e-5698-942d-0736fe0c0a61,RVT-517400AB481D5EE4,,VALIDATE,SKIPPED,Record status is not APPROVED.
2026-09-24T15:45:23.1058731-03:00,916715be-c77e-5698-942d-0736fe0c0a61,RVT-BB9C46834BE91753,,VALIDATE,SKIPPED,Record status is not APPROVED.
2026-09-24T15:45:23.1058732-03:00,916715be-c77e-5698-942d-0736fe0c0a61,RVT-AC4F2B009C461B7B,,VALIDATE,SKIPPED,Record status is not APPROVED.
2026-09-24T15:45:23.1058733-03:00,916715be-c77e-5698-942d-0736fe0c0a61,RVT-9FCEEB2A50027B2C,,VALIDATE,SKIPPED,Record status is not APPROVED.
2026-09-24T15:45:23.1058735-03:00,916715be-c77e-5698-942d-0736fe0c0a61,RVT-6D54704FA20365DE,,VALIDATE,SKIPPED,Record status is not APPROVED.
2026-09-24T15:45:23.1058736-03:00,916715be-c77e-5698-942d-0736fe0c0a61,RVT-AEBC848BF5EDB738,,VALIDATE,SKIPPED,Record status is not APPROVED.
2026-09-24T15:45:23.1058737-03:00,916715be-c77e-5698-942d-0736fe0c0a61,RVT-52A977C7A0400F55,,VALIDATE,SKIPPED,Record status is not APPROVED.
2026-09-24T15:45:23.1058738-03:00,916715be-c77e-5698-942d-0736fe0c0a61,RVT-41B6316877DCB090,,VALIDATE,SKIPPED,Record status is not APPROVED.
2026-09-24T15:45:23.1058739-03:00,916715be-c77e-5698-942d-0736fe0c0a61,RVT-B139B750CDE146CD,,VALIDATE,SKIPPED,Record status is not APPROVED.
2026-09-24T15:45:23.1058740-03:00,916715be-c77e-5698-942d-0736fe0c0a61,RVT-B9E154F6E02823CA,,VALIDATE,SKIPPED,Record status is not APPROVED.
2026-09-24T15:45:23.1058741-03:00,916715be-c77e-5698-942d-0736fe0c0a61,RVT-1DA782E06DB2C5DB,,VALIDATE,SKIPPED,Record status is not APPROVED.
2026-09-24T15:45:23.1058743-03:00,916715be-c77e-5698-942d-0736fe0c0a61,RVT-B2E414829653F6FB,,VALIDATE,SKIPPED,Record status is not APPROVED.
2026-09-24T15:45:23.1058744-03:00,916715be-c77e-5698-942d-0736fe0c0a61,RVT-F6FF4BB07FB9B448,,VALIDATE,SKIPPED,Record status is not APPROVED.
2026-09-24T15:45:23.1058744-03:00,916715be-c77e-5698-942d-0736fe0c0a61,RVT-BEA2768BDD6540D6,,VALIDATE,SKIPPED,Record status is not APPROVED.
2026-09-24T15:45:23.1058745-03:00,916715be-c77e-5698-942d-0736fe0c0a61,RVT-D2BEEB43BD27C6DB,,VALIDATE,SKIPPED,Record status is not APPROVED.
2026-09-24T15:45:23.1058747-03:00,916715be-c77e-5698-942d-0736fe0c0a61,RVT-F63DC92143949D48,,VALIDATE,SKIPPED,Record status is not APPROVED.
2026-09-24T15:45:23.1058754-03:00,916715be-c77e-5698-942d-0736fe0c0a61,RVT-5A94426AE85F24DE,,VALIDATE,SKIPPED,Record status is not APPROVED.
2026-09-24T15:45:23.1058756-03:00,916715be-c77e-5698-942d-0736fe0c0a61,RVT-1DA545B9A387DFF7,,VALIDATE,SKIPPED,Record status is not APPROVED.
2026-09-24T15:45:23.1058757-03:00,916715be-c77e-5698-942d-0736fe0c0a61,RVT-967013C318922009,,VALIDATE,SKIPPED,Record status is not APPROVED.
2026-09-24T15:45:23.1058758-03:00,916715be-c77e-5698-942d-0736fe0c0a61,RVT-950470E5EEDC0D28,,VALIDATE,SKIPPED,Record status is not APPROVED.
2026-09-24T15:45:23.1058759-03:00,916715be-c77e-5698-942d-0736fe0c0a61,RVT-2F60A4695CB048C5,,VALIDATE,SKIPPED,Record status is not APPROVED.
2026-09-24T15:45:23.1058760-03:00,916715be-c77e-5698-942d-0736fe0c0a61,RVT-E9F4F96B3ED10C4B,,VALIDATE,SKIPPED,Record status is not APPROVED.
2026-09-24T15:45:23.1058761-03:00,916715be-c77e-5698-942d-0736fe0c0a61,RVT-773C7975E3C76B38,,VALIDATE,SKIPPED,Record status is not APPROVED.
2026-09-24T15:45:23.1058762-03:00,916715be-c77e-5698-942d-0736fe0c0a61,RVT-40608FB77EE62F76,,VALIDATE,SKIPPED,Record status is not APPROVED.
2026-09-24T15:45:23.1058763-03:00,916715be-c77e-5698-942d-0736fe0c0a61,RVT-0C1A169BCEB1ED1F,,VALIDATE,SKIPPED,Record status is not APPROVED.
2026-09-24T15:45:23.1058764-03:00,916715be-c77e-5698-942d-0736fe0c0a61,RVT-6FC2FAA1ADCE1888,,VALIDATE,SKIPPED,Record status is not APPROVED.
2026-09-24T15:45:23.1058765-03:00,916715be-c77e-5698-942d-0736fe0c0a61,RVT-510CC43588A44D69,,VALIDATE,SKIPPED,Record status is not APPROVED.
2026-09-24T15:45:23.1058766-03:00,916715be-c77e-5698-942d-0736fe0c0a61,RVT-B198EE526C9231CC,,VALIDATE,SKIPPED,Record status is not APPROVED.
2026-09-24T15:45:23.1058767-03:00,916715be-c77e-5698-942d-0736fe0c0a61,RVT-77B29E1930CD3A15,,VALIDATE,SKIPPED,Record status is not APPROVED.
2026-09-24T15:45:23.1058768-03:00,916715be-c77e-5698-942d-0736fe0c0a61,RVT-85A2862228DF8281,,VALIDATE,SKIPPED,Record status is not APPROVED.
2026-09-24T15:45:23.1058769-03:00,916715be-c77e-5698-942d-0736fe0c0a61,RVT-56DEE0D18561E7C7,,VALIDATE,SKIPPED,Record status is not APPROVED.
2026-09-24T15:45:23.1058770-03:00,916715be-c77e-5698-942d-0736fe0c0a61,RVT-E74A4767538C05B3,,VALIDATE,SKIPPED,Record status is not APPROVED.
2026-09-24T15:45:23.1058771-03:00,916715be-c77e-5698-942d-0736fe0c0a61,RVT-C770021E5769707B,,VALIDATE,SKIPPED,Record status is not APPROVED.
2026-09-24T15:45:23.1058772-03:00,916715be-c77e-5698-942d-0736fe0c0a61,RVT-557871C0975AC17A,,VALIDATE,SKIPPED,Record status is not APPROVED.
2026-09-24T15:45:23.1058774-03:00,916715be-c77e-5698-942d-0736fe0c0a61,RVT-87B7BA9167646E19,,VALIDATE,SKIPPED,Record status is not APPROVED.
2026-09-24T15:45:23.1058775-03:00,916715be-c77e-5698-942d-0736fe0c0a61,RVT-EC92D1DD714DD423,,VALIDATE,SKIPPED,Record status is not APPROVED.
2026-09-24T15:45:23.1058775-03:00,916715be-c77e-5698-942d-0736fe0c0a61,RVT-1DDC6E3CEEBE0C84,,VALIDATE,SKIPPED,Record status is not APPROVED.
2026-09-24T15:45:23.1058777-03:00,916715be-c77e-5698-942d-0736fe0c0a61,RVT-9FAD25E3EC893D71,,VALIDATE,SKIPPED,Record status is not APPROVED.
2026-09-24T15:45:23.1058778-03:00,916715be-c77e-5698-942d-0736fe0c0a61,RVT-93040FAE819BB2FE,,VALIDATE,SKIPPED,Record status is not APPROVED.
2026-09-24T15:45:23.1058779-03:00,916715be-c77e-5698-942d-0736fe0c0a61,RVT-3C016B1004639044,,VALIDATE,SKIPPED,Record status is not APPROVED.
2026-09-24T15:45:23.1058781-03:00,916715be-c77e-5698-942d-0736fe0c0a61,RVT-7452EF48BA0B9F6C,,VALIDATE,SKIPPED,Record status is not APPROVED.
2026-09-24T15:45:23.1058782-03:00,916715be-c77e-5698-942d-0736fe0c0a61,RVT-4C176B100A87C66D,,VALIDATE,SKIPPED,Record status is not APPROVED.
2026-09-24T15:45:23.1058783-03:00,916715be-c77e-5698-942d-0736fe0c0a61,RVT-1DEB404B1A92D8D4,,VALIDATE,SKIPPED,Record status is not APPROVED.
2026-09-24T15:45:23.1058784-03:00,916715be-c77e-5698-942d-0736fe0c0a61,RVT-892F33257EE3C146,,VALIDATE,SKIPPED,Record status is not APPROVED.
2026-09-24T15:45:23.1058786-03:00,916715be-c77e-5698-942d-0736fe0c0a61,RVT-3CFA1AC00B2A5E30,,VALIDATE,SKIPPED,Record status is not APPROVED.
2026-09-24T15:45:23.1058787-03:00,916715be-c77e-5698-942d-0736fe0c0a61,RVT-65D64D85DB15452F,,VALIDATE,SKIPPED,Record status is not APPROVED.
2026-09-24T15:45:23.1058788-03:00,916715be-c77e-5698-942d-0736fe0c0a61,RVT-1ED61895B02C019A,,VALIDATE,SKIPPED,Record status is not APPROVED.
2026-09-24T15:45:23.1058789-03:00,916715be-c77e-5698-942d-0736fe0c0a61,RVT-CE7AD7B5A86F11DA,,VALIDATE,SKIPPED,Record status is not APPROVED.
2026-09-24T15:45:23.1058790-03:00,916715be-c77e-5698-942d-0736fe0c0a61,RVT-76F113904214D70F,,VALIDATE,SKIPPED,Record status is not APPROVED.
2026-09-24T15:45:23.1058791-03:00,916715be-c77e-5698-942d-0736fe0c0a61,RVT-E281F01FDB22AD88,,VALIDATE,SKIPPED,Record status is not APPROVED.
2026-09-24T15:45:23.1058792-03:00,916715be-c77e-5698-942d-0736fe0c0a61,RVT-0E3F813C13ABB1A5,,VALIDATE,SKIPPED,Record status is not APPROVED.
2026-09-24T15:45:23.1058793-03:00,916715be-c77e-5698-942d-0736fe0c0a61,RVT-76953CDD43CA1E31,,VALIDATE,SKIPPED,Record status is not APPROVED.
2026-09-24T15:45:23.1058794-03:00,916715be-c77e-5698-942d-0736fe0c0a61,RVT-5E98E458488BC3CB,,VALIDATE,SKIPPED,Record status is not APPROVED.
2026-09-24T15:45:23.1058796-03:00,916715be-c77e-5698-942d-0736fe0c0a61,RVT-AB4D88BDF0FCB38C,,VALIDATE,SKIPPED,Record status is not APPROVED.
2026-09-24T15:45:23.1058797-03:00,916715be-c77e-5698-942d-0736fe0c0a61,RVT-6B815E4C5F0CBAA4,,VALIDATE,SKIPPED,Record status is not APPROVED.
2026-09-24T15:45:23.1058798-03:00,916715be-c77e-5698-942d-0736fe0c0a61,RVT-876F8EDF4AEDA21D,,VALIDATE,SKIPPED,Record status is not APPROVED.
2026-09-24T15:45:23.1058799-03:00,916715be-c77e-5698-942d-0736fe0c0a61,RVT-5C3E699449C2BEE9,,VALIDATE,SKIPPED,Record status is not APPROVED.
2026-09-24T15:45:23.1058800-03:00,916715be-c77e-5698-942d-0736fe0c0a61,RVT-20C1A10B8D732EB0,,VALIDATE,SKIPPED,Record status is not APPROVED.
2026-09-24T15:45:23.1058801-03:00,916715be-c77e-5698-942d-0736fe0c0a61,RVT-E8442BCE3DBD74E5,,VALIDATE,SKIPPED,Record status is not APPROVED.
2026-09-24T15:45:23.1058802-03:00,916715be-c77e-5698-942d-0736fe0c0a61,RVT-4F8B8D889510203D,,VALIDATE,SKIPPED,Record status is not APPROVED.
2026-09-24T15:45:23.1058803-03:00,916715be-c77e-5698-942d-0736fe0c0a61,RVT-E75A0D0B2B2F9214,,VALIDATE,SKIPPED,Record status is not APPROVED.
2026-09-24T15:45:23.1058805-03:00,916715be-c77e-5698-942d-0736fe0c0a61,RVT-C951C0E0351039B5,,VALIDATE,SKIPPED,Record status is not APPROVED.
2026-09-24T15:45:23.1058806-03:00,916715be-c77e-5698-942d-0736fe0c0a61,RVT-8F89CE9634053635,,VALIDATE,SKIPPED,Record status is not APPROVED.
2026-09-24T15:45:23.1058807-03:00,916715be-c77e-5698-942d-0736fe0c0a61,RVT-75241C914ABA8ABF,,VALIDATE,SKIPPED,Record status is not APPROVED.
2026-09-24T15:45:23.1058808-03:00,916715be-c77e-5698-942d-0736fe0c0a61,RVT-18FE408C5941793F,,VALIDATE,SKIPPED,Record status is not APPROVED.
2026-09-24T15:45:23.1058810-03:00,916715be-c77e-5698-942d-0736fe0c0a61,RVT-579B9E0948C99FE3,,VALIDATE,SKIPPED,Record status is not APPROVED.
2026-09-24T15:45:23.1058811-03:00,916715be-c77e-5698-942d-0736fe0c0a61,RVT-E45B32A3FEDBD756,,VALIDATE,SKIPPED,Record status is not APPROVED.
2026-09-24T15:45:23.1058812-03:00,916715be-c77e-5698-942d-0736fe0c0a61,RVT-D9F1655E7E7CE75A,,VALIDATE,SKIPPED,Record status is not APPROVED.
2026-09-24T15:45:23.1058813-03:00,916715be-c77e-5698-942d-0736fe0c0a61,RVT-C7801083CCE86583,,VALIDATE,SKIPPED,Record status is not APPROVED.
2026-09-24T15:45:23.1058814-03:00,916715be-c77e-5698-942d-0736fe0c0a61,RVT-26E144B2A83F0646,,VALIDATE,SKIPPED,Record status is not APPROVED.
2026-09-24T15:45:23.1058815-03:00,916715be-c77e-5698-942d-0736fe0c0a61,RVT-DBE414E8364BD63F,,VALIDATE,SKIPPED,Record status is not APPROVED.
2026-09-24T15:45:23.1058816-03:00,916715be-c77e-5698-942d-0736fe0c0a61,RVT-8D4E24A8C79F1256,,VALIDATE,SKIPPED,Record status is not APPROVED.
2026-09-24T15:45:23.1058817-03:00,916715be-c77e-5698-942d-0736fe0c0a61,RVT-B6FE4953EBCC96F6,,VALIDATE,SKIPPED,Record status is not APPROVED.
2026-09-24T15:45:23.1058819-03:00,916715be-c77e-5698-942d-0736fe0c0a61,RVT-C23DA44BD54C3EC5,,VALIDATE,SKIPPED,Record status is not APPROVED.
2026-09-24T15:45:23.1058820-03:00,916715be-c77e-5698-942d-0736fe0c0a61,RVT-7782721C325CCA0A,,VALIDATE,SKIPPED,Record status is not APPROVED.
2026-09-24T15:45:23.1058821-03:00,916715be-c77e-5698-942d-0736fe0c0a61,RVT-53A87F39D4675FD7,,VALIDATE,SKIPPED,Record status is not APPROVED.
2026-09-24T15:45:23.1058823-03:00,916715be-c77e-5698-942d-0736fe0c0a61,RVT-2B781F76DDA48869,,VALIDATE,SKIPPED,Record status is not APPROVED.
2026-09-24T15:45:23.1058824-03:00,916715be-c77e-5698-942d-0736fe0c0a61,RVT-0B5D87BEDD3B4375,,VALIDATE,SKIPPED,Record status is not APPROVED.
2026-09-24T15:45:23.1058825-03:00,916715be-c77e-5698-942d-0736fe0c0a61,RVT-88DA23D60BD08823,,VALIDATE,SKIPPED,Record status is not APPROVED.
2026-09-24T15:45:23.1058826-03:00,916715be-c77e-5698-942d-0736fe0c0a61,RVT-DFC2F6302ED8ECB3,,VALIDATE,SKIPPED,Record status is not APPROVED.
2026-09-24T15:45:23.1058827-03:00,916715be-c77e-5698-942d-0736fe0c0a61,RVT-30974CFCD78314DF,,VALIDATE,SKIPPED,Record status is not APPROVED.
2026-09-24T15:45:23.1058828-03:00,916715be-c77e-5698-942d-0736fe0c0a61,RVT-7B8753C5EC7FFE0A,,VALIDATE,SKIPPED,Record status is not APPROVED.
2026-09-24T15:45:23.1058830-03:00,916715be-c77e-5698-942d-0736fe0c0a61,RVT-AC9C0EBED10BCEEB,,VALIDATE,SKIPPED,Record status is not APPROVED.
2026-09-24T15:45:23.1058831-03:00,916715be-c77e-5698-942d-0736fe0c0a61,RVT-454B6AA3F5613F9E,,VALIDATE,SKIPPED,Record status is not APPROVED.
2026-09-24T15:45:23.1058832-03:00,916715be-c77e-5698-942d-0736fe0c0a61,RVT-8963DA7122B5AECA,,VALIDATE,SKIPPED,Record status is not APPROVED.
2026-09-24T15:45:23.1058833-03:00,916715be-c77e-5698-942d-0736fe0c0a61,RVT-5F6384264B7CC98D,,VALIDATE,SKIPPED,Record status is not APPROVED.
2026-09-24T15:45:23.1058834-03:00,916715be-c77e-5698-942d-0736fe0c0a61,RVT-6EE50C7A76E26E76,,VALIDATE,SKIPPED,Record status is not APPROVED.
2026-09-24T15:45:23.1058835-03:00,916715be-c77e-5698-942d-0736fe0c0a61,RVT-219299E3EB3307D9,,VALIDATE,SKIPPED,Record status is not APPROVED.
2026-09-24T15:45:23.1058836-03:00,916715be-c77e-5698-942d-0736fe0c0a61,RVT-F9051E68334F7067,,VALIDATE,SKIPPED,Record status is not APPROVED.
2026-09-24T15:45:23.1058837-03:00,916715be-c77e-5698-942d-0736fe0c0a61,RVT-23783BCCA4894067,,VALIDATE,SKIPPED,Record status is not APPROVED.
2026-09-24T15:45:23.1058838-03:00,916715be-c77e-5698-942d-0736fe0c0a61,RVT-4F6CB4E63E1A746C,,VALIDATE,SKIPPED,Record status is not APPROVED.
2026-09-24T15:45:23.1058840-03:00,916715be-c77e-5698-942d-0736fe0c0a61,RVT-BFA49C195DC3D862,,VALIDATE,SKIPPED,Record status is not APPROVED.
2026-09-24T15:45:23.1058840-03:00,916715be-c77e-5698-942d-0736fe0c0a61,RVT-D115D74C4A91DBFF,,VALIDATE,SKIPPED,Record status is not APPROVED.
2026-09-24T15:45:23.1058841-03:00,916715be-c77e-5698-942d-0736fe0c0a61,RVT-33675F0ACD170908,,VALIDATE,SKIPPED,Record status is not APPROVED.
2026-09-24T15:45:23.1058842-03:00,916715be-c77e-5698-942d-0736fe0c0a61,RVT-0A1B7F96C4141FAC,,VALIDATE,SKIPPED,Record status is not APPROVED.
2026-09-24T15:45:23.1058844-03:00,916715be-c77e-5698-942d-0736fe0c0a61,RVT-AA389466A4EDE19C,,VALIDATE,SKIPPED,Record status is not APPROVED.
2026-09-24T15:45:23.1058845-03:00,916715be-c77e-5698-942d-0736fe0c0a61,RVT-82C3F3F0FEB1A9F9,,VALIDATE,SKIPPED,Record status is not APPROVED.
2026-09-24T15:45:23.1058846-03:00,916715be-c77e-5698-942d-0736fe0c0a61,RVT-A7B36277427FF516,,VALIDATE,SKIPPED,Record status is not APPROVED.
2026-09-24T15:45:23.1058847-03:00,916715be-c77e-5698-942d-0736fe0c0a61,RVT-3260826F794A89BA,,VALIDATE,SKIPPED,Record status is not APPROVED.
2026-09-24T15:45:23.1058848-03:00,916715be-c77e-5698-942d-0736fe0c0a61,RVT-E9A6BB501A4A43A0,,VALIDATE,SKIPPED,Record status is not APPROVED.
2026-09-24T15:45:23.1058849-03:00,916715be-c77e-5698-942d-0736fe0c0a61,RVT-F5862DDD17EFE412,,VALIDATE,SKIPPED,Record status is not APPROVED.
2026-09-24T15:45:23.1058850-03:00,916715be-c77e-5698-942d-0736fe0c0a61,RVT-FC37D90C70317859,,VALIDATE,SKIPPED,Record status is not APPROVED.
2026-09-24T15:45:23.1058851-03:00,916715be-c77e-5698-942d-0736fe0c0a61,RVT-4408606D716A8172,,VALIDATE,SKIPPED,Record status is not APPROVED.
2026-09-24T15:45:23.1058852-03:00,916715be-c77e-5698-942d-0736fe0c0a61,RVT-C9706DFFD94AE27C,,VALIDATE,SKIPPED,Record status is not APPROVED.
2026-09-24T15:45:23.1058853-03:00,916715be-c77e-5698-942d-0736fe0c0a61,RVT-FCE8B418D79BBE85,,VALIDATE,SKIPPED,Record status is not APPROVED.
2026-09-24T15:45:23.1058854-03:00,916715be-c77e-5698-942d-0736fe0c0a61,RVT-7D1E37003452F57E,,VALIDATE,SKIPPED,Record status is not APPROVED.
2026-09-24T15:45:23.1058855-03:00,916715be-c77e-5698-942d-0736fe0c0a61,RVT-771D88FBBDD94E08,,VALIDATE,SKIPPED,Record status is not APPROVED.
2026-09-24T15:45:23.1058856-03:00,916715be-c77e-5698-942d-0736fe0c0a61,RVT-E2F85E6BC505CEA2,,VALIDATE,SKIPPED,Record status is not APPROVED.
2026-09-24T15:45:23.1058858-03:00,916715be-c77e-5698-942d-0736fe0c0a61,RVT-4684234AFEF92FB1,,VALIDATE,SKIPPED,Record status is not APPROVED.
2026-09-24T15:45:23.1058859-03:00,916715be-c77e-5698-942d-0736fe0c0a61,RVT-D7F77FBC6D733362,,VALIDATE,SKIPPED,Record status is not APPROVED.
2026-09-24T15:45:23.1058859-03:00,916715be-c77e-5698-942d-0736fe0c0a61,RVT-EE7F8BC53562B3BD,,VALIDATE,SKIPPED,Record status is not APPROVED.
2026-09-24T15:45:23.1058861-03:00,916715be-c77e-5698-942d-0736fe0c0a61,RVT-5708397EC7037DC4,,VALIDATE,SKIPPED,Record status is not APPROVED.
2026-09-24T15:45:23.1058862-03:00,916715be-c77e-5698-942d-0736fe0c0a61,RVT-372B9B5F511A83E0,,VALIDATE,SKIPPED,Record status is not APPROVED.
2026-09-24T15:45:23.1058863-03:00,916715be-c77e-5698-942d-0736fe0c0a61,RVT-26AD3D88E6D689CB,,VALIDATE,SKIPPED,Record status is not APPROVED.
2026-09-24T15:45:23.1058864-03:00,916715be-c77e-5698-942d-0736fe0c0a61,RVT-D93C411F66856079,,VALIDATE,SKIPPED,Record status is not APPROVED.
2026-09-24T15:45:23.1058865-03:00,916715be-c77e-5698-942d-0736fe0c0a61,RVT-FC214E027286CCF8,,VALIDATE,SKIPPED,Record status is not APPROVED.
2026-09-24T15:45:23.1058866-03:00,916715be-c77e-5698-942d-0736fe0c0a61,RVT-6B9F36040463C025,,VALIDATE,SKIPPED,Record status is not APPROVED.
2026-09-24T15:45:23.1058867-03:00,916715be-c77e-5698-942d-0736fe0c0a61,RVT-425ADE2090935867,,VALIDATE,SKIPPED,Record status is not APPROVED.
2026-09-24T15:45:23.1058868-03:00,916715be-c77e-5698-942d-0736fe0c0a61,RVT-B1B1FB3AAEAF7FEE,,VALIDATE,SKIPPED,Record status is not APPROVED.
2026-09-24T15:45:23.1058869-03:00,916715be-c77e-5698-942d-0736fe0c0a61,RVT-33450BCAF06DD1C4,,VALIDATE,SKIPPED,Record status is not APPROVED.
2026-09-24T15:45:23.1058870-03:00,916715be-c77e-5698-942d-0736fe0c0a61,RVT-DEF255AF63BBC6A8,,VALIDATE,SKIPPED,Record status is not APPROVED.
2026-09-24T15:45:23.1058871-03:00,916715be-c77e-5698-942d-0736fe0c0a61,RVT-9DB8ED57E4FE9611,,VALIDATE,SKIPPED,Record status is not APPROVED.
2026-09-24T15:45:23.1058872-03:00,916715be-c77e-5698-942d-0736fe0c0a61,RVT-8FBF2B4A0BC46D22,,VALIDATE,SKIPPED,Record status is not APPROVED.
2026-09-24T15:45:23.1058873-03:00,916715be-c77e-5698-942d-0736fe0c0a61,RVT-A3A57B6B35C97BCC,,VALIDATE,SKIPPED,Record status is not APPROVED.
2026-09-24T15:45:23.1058874-03:00,916715be-c77e-5698-942d-0736fe0c0a61,RVT-3EF58CF04CDBDDDF,,VALIDATE,SKIPPED,Record status is not APPROVED.
2026-09-24T15:45:23.1058875-03:00,916715be-c77e-5698-942d-0736fe0c0a61,RVT-631794DE5A854AA6,,VALIDATE,SKIPPED,Record status is not APPROVED.
2026-09-24T15:45:23.1058876-03:00,916715be-c77e-5698-942d-0736fe0c0a61,RVT-5B9D249622579069,,VALIDATE,SKIPPED,Record status is not APPROVED.
2026-09-24T15:45:23.1058877-03:00,916715be-c77e-5698-942d-0736fe0c0a61,RVT-ECE46BB6290B4E2F,,VALIDATE,SKIPPED,Record status is not APPROVED.
2026-09-24T15:45:23.1058879-03:00,916715be-c77e-5698-942d-0736fe0c0a61,RVT-076156BF11F98090,,VALIDATE,SKIPPED,Record status is not APPROVED.
2026-09-24T15:45:23.1058880-03:00,916715be-c77e-5698-942d-0736fe0c0a61,RVT-2212DCD6488ED679,,VALIDATE,SKIPPED,Record status is not APPROVED.
2026-09-24T15:45:23.1058881-03:00,916715be-c77e-5698-942d-0736fe0c0a61,RVT-5D13E42F4FEB7856,,VALIDATE,SKIPPED,Record status is not APPROVED.
2026-09-24T15:45:23.1058882-03:00,916715be-c77e-5698-942d-0736fe0c0a61,RVT-5EA9D8408111B3E6,,VALIDATE,SKIPPED,Record status is not APPROVED.
2026-09-24T15:45:23.1058883-03:00,916715be-c77e-5698-942d-0736fe0c0a61,RVT-2E7132BC38626F04,,VALIDATE,SKIPPED,Record status is not APPROVED.
2026-09-24T15:45:23.1058884-03:00,916715be-c77e-5698-942d-0736fe0c0a61,RVT-6F189EBB76912A9E,,VALIDATE,SKIPPED,Record status is not APPROVED.
2026-09-24T15:45:23.1058885-03:00,916715be-c77e-5698-942d-0736fe0c0a61,RVT-815218A369775372,,VALIDATE,SKIPPED,Record status is not APPROVED.
2026-09-24T15:45:23.1058886-03:00,916715be-c77e-5698-942d-0736fe0c0a61,RVT-D5DE785F99206746,,VALIDATE,SKIPPED,Record status is not APPROVED.
2026-09-24T15:45:23.1058887-03:00,916715be-c77e-5698-942d-0736fe0c0a61,RVT-C2B8AF952ECED842,,VALIDATE,SKIPPED,Record status is not APPROVED.
2026-09-24T15:45:23.1058888-03:00,916715be-c77e-5698-942d-0736fe0c0a61,RVT-7AAB074DDC3B6505,,VALIDATE,SKIPPED,Record status is not APPROVED.
2026-09-24T15:45:23.1058889-03:00,916715be-c77e-5698-942d-0736fe0c0a61,RVT-A0917727227B7179,,VALIDATE,SKIPPED,Record status is not APPROVED.
2026-09-24T15:45:23.1058890-03:00,916715be-c77e-5698-942d-0736fe0c0a61,RVT-B4F8ECE590B52BF4,,VALIDATE,SKIPPED,Record status is not APPROVED.
2026-09-24T15:45:23.1058891-03:00,916715be-c77e-5698-942d-0736fe0c0a61,RVT-0626BE4A4FB0CA3C,,VALIDATE,SKIPPED,Record status is not APPROVED.
2026-09-24T15:45:23.1058892-03:00,916715be-c77e-5698-942d-0736fe0c0a61,RVT-21A7D2338A199D56,,VALIDATE,SKIPPED,Record status is not APPROVED.
2026-09-24T15:45:23.1058893-03:00,916715be-c77e-5698-942d-0736fe0c0a61,RVT-A0463515929583C4,,VALIDATE,SKIPPED,Record status is not APPROVED.
2026-09-24T15:45:23.1058894-03:00,916715be-c77e-5698-942d-0736fe0c0a61,RVT-EC25364FA4A1068C,,VALIDATE,SKIPPED,Record status is not APPROVED.
2026-09-24T15:45:23.1058904-03:00,916715be-c77e-5698-942d-0736fe0c0a61,RVT-294065447D2C6251,,VALIDATE,SKIPPED,Record status is not APPROVED.
2026-09-24T15:45:23.1058905-03:00,916715be-c77e-5698-942d-0736fe0c0a61,RVT-AF32F0DA2FC2164E,,VALIDATE,SKIPPED,Record status is not APPROVED.
2026-09-24T15:45:23.1058906-03:00,916715be-c77e-5698-942d-0736fe0c0a61,RVT-E3D067B5C613CFAD,,VALIDATE,SKIPPED,Record status is not APPROVED.
2026-09-24T15:45:23.1058908-03:00,916715be-c77e-5698-942d-0736fe0c0a61,RVT-246652834852D39F,,VALIDATE,SKIPPED,Record status is not APPROVED.
2026-09-24T15:45:23.1058909-03:00,916715be-c77e-5698-942d-0736fe0c0a61,RVT-32969201F37AA973,,VALIDATE,SKIPPED,Record status is not APPROVED.
2026-09-24T15:45:23.1058910-03:00,916715be-c77e-5698-942d-0736fe0c0a61,RVT-AFB018E68B55C83B,,VALIDATE,SKIPPED,Record status is not APPROVED.
2026-09-24T15:45:23.1058911-03:00,916715be-c77e-5698-942d-0736fe0c0a61,RVT-9932D387F7CB6052,,VALIDATE,SKIPPED,Record status is not APPROVED.
2026-09-24T15:45:23.1058912-03:00,916715be-c77e-5698-942d-0736fe0c0a61,RVT-96563BC3C6013786,,VALIDATE,SKIPPED,Record status is not APPROVED.
2026-09-24T15:45:23.1058913-03:00,916715be-c77e-5698-942d-0736fe0c0a61,RVT-5176ED708A34FACE,,VALIDATE,SKIPPED,Record status is not APPROVED.
2026-09-24T15:45:23.1058915-03:00,916715be-c77e-5698-942d-0736fe0c0a61,RVT-DFFD8EA6BB03E798,,VALIDATE,SKIPPED,Record status is not APPROVED.
2026-09-24T15:45:23.1058916-03:00,916715be-c77e-5698-942d-0736fe0c0a61,RVT-08F9AC8252B02519,,VALIDATE,SKIPPED,Record status is not APPROVED.
2026-09-24T15:45:23.1058917-03:00,916715be-c77e-5698-942d-0736fe0c0a61,RVT-263D2CA05BF11985,,VALIDATE,SKIPPED,Record status is not APPROVED.
2026-09-24T15:45:23.1058918-03:00,916715be-c77e-5698-942d-0736fe0c0a61,RVT-79045CAAB8860239,,VALIDATE,SKIPPED,Record status is not APPROVED.
2026-09-24T15:45:23.1058919-03:00,916715be-c77e-5698-942d-0736fe0c0a61,RVT-C63D53FAD051A975,,VALIDATE,SKIPPED,Record status is not APPROVED.
2026-09-24T15:45:23.1058919-03:00,916715be-c77e-5698-942d-0736fe0c0a61,RVT-ACECB8B0E51F85D4,,VALIDATE,SKIPPED,Record status is not APPROVED.
2026-09-24T15:45:23.1058921-03:00,916715be-c77e-5698-942d-0736fe0c0a61,RVT-3C4CD3325A403067,,VALIDATE,SKIPPED,Record status is not APPROVED.
2026-09-24T15:45:23.1058921-03:00,916715be-c77e-5698-942d-0736fe0c0a61,RVT-87B6BEC357D64421,,VALIDATE,SKIPPED,Record status is not APPROVED.
2026-09-24T15:45:23.1058922-03:00,916715be-c77e-5698-942d-0736fe0c0a61,RVT-FED1A7AFD207287C,,VALIDATE,SKIPPED,Record status is not APPROVED.
2026-09-24T15:45:23.1058923-03:00,916715be-c77e-5698-942d-0736fe0c0a61,RVT-A356E5B6C3E6DEC2,,VALIDATE,SKIPPED,Record status is not APPROVED.
2026-09-24T15:45:23.1058925-03:00,916715be-c77e-5698-942d-0736fe0c0a61,RVT-DBAF31B249033F92,,VALIDATE,SKIPPED,Record status is not APPROVED.
2026-09-24T15:45:23.1058926-03:00,916715be-c77e-5698-942d-0736fe0c0a61,RVT-D7D82189D27737CF,,VALIDATE,SKIPPED,Record status is not APPROVED.
2026-09-24T15:45:23.1058927-03:00,916715be-c77e-5698-942d-0736fe0c0a61,RVT-A2760EB0150D6291,,VALIDATE,SKIPPED,Record status is not APPROVED.
2026-09-24T15:45:23.1058928-03:00,916715be-c77e-5698-942d-0736fe0c0a61,RVT-2501BE4114114602,,VALIDATE,SKIPPED,Record status is not APPROVED.
2026-09-24T15:45:23.1058929-03:00,916715be-c77e-5698-942d-0736fe0c0a61,RVT-A8BE48646E13D1E9,,VALIDATE,SKIPPED,Record status is not APPROVED.
2026-09-24T15:45:23.1058930-03:00,916715be-c77e-5698-942d-0736fe0c0a61,RVT-FD344915F13F642E,,VALIDATE,SKIPPED,Record status is not APPROVED.
2026-09-24T15:45:23.1058931-03:00,916715be-c77e-5698-942d-0736fe0c0a61,RVT-CF528D58D39B6282,,VALIDATE,SKIPPED,Record status is not APPROVED.
2026-09-24T15:45:23.1058932-03:00,916715be-c77e-5698-942d-0736fe0c0a61,RVT-99DA77AD7CDEAE92,,VALIDATE,SKIPPED,Record status is not APPROVED.
2026-09-24T15:45:23.1058934-03:00,916715be-c77e-5698-942d-0736fe0c0a61,RVT-F35521A555E41C76,,VALIDATE,SKIPPED,Record status is not APPROVED.
2026-09-24T15:45:23.1058935-03:00,916715be-c77e-5698-942d-0736fe0c0a61,RVT-53247D536893B7DB,,VALIDATE,SKIPPED,Record status is not APPROVED.
2026-09-24T15:45:23.1058936-03:00,916715be-c77e-5698-942d-0736fe0c0a61,RVT-F878004EEE2998C4,,VALIDATE,SKIPPED,Record status is not APPROVED.
2026-09-24T15:45:23.1058937-03:00,916715be-c77e-5698-942d-0736fe0c0a61,RVT-D223A4CC94E7C989,,VALIDATE,SKIPPED,Record status is not APPROVED.
2026-09-24T15:45:23.1058938-03:00,916715be-c77e-5698-942d-0736fe0c0a61,RVT-38C6438D1BE67965,,VALIDATE,SKIPPED,Record status is not APPROVED.
2026-09-24T15:45:23.1058939-03:00,916715be-c77e-5698-942d-0736fe0c0a61,RVT-D6804853C55064D6,,VALIDATE,SKIPPED,Record status is not APPROVED.
2026-09-24T15:45:23.1058940-03:00,916715be-c77e-5698-942d-0736fe0c0a61,RVT-3558880B183F31A2,,VALIDATE,SKIPPED,Record status is not APPROVED.
2026-09-24T15:45:23.1058941-03:00,916715be-c77e-5698-942d-0736fe0c0a61,RVT-E7873C310F620B29,,VALIDATE,SKIPPED,Record status is not APPROVED.
2026-09-24T15:45:23.1058943-03:00,916715be-c77e-5698-942d-0736fe0c0a61,RVT-DFF26D2B7B81F798,,VALIDATE,SKIPPED,Record status is not APPROVED.
2026-09-24T15:45:23.1058944-03:00,916715be-c77e-5698-942d-0736fe0c0a61,RVT-97CB2DF4C84E4CD0,,VALIDATE,SKIPPED,Record status is not APPROVED.
2026-09-24T15:45:23.1058945-03:00,916715be-c77e-5698-942d-0736fe0c0a61,RVT-6BC930B04AAFB4EC,,VALIDATE,SKIPPED,Record status is not APPROVED.
2026-09-24T15:45:23.1058946-03:00,916715be-c77e-5698-942d-0736fe0c0a61,RVT-AB9C6F3E3F3BB61D,,VALIDATE,SKIPPED,Record status is not APPROVED.
2026-09-24T15:45:23.1058949-03:00,916715be-c77e-5698-942d-0736fe0c0a61,RVT-FA5BFA33A6E4D411,,VALIDATE,SKIPPED,Record status is not APPROVED.
2026-09-24T15:45:23.1058950-03:00,916715be-c77e-5698-942d-0736fe0c0a61,RVT-51AE21AA2E513B3F,,VALIDATE,SKIPPED,Record status is not APPROVED.
2026-09-24T15:45:23.1058951-03:00,916715be-c77e-5698-942d-0736fe0c0a61,RVT-97616BCE7E23D25E,,VALIDATE,SKIPPED,Record status is not APPROVED.
2026-09-24T15:45:23.1058952-03:00,916715be-c77e-5698-942d-0736fe0c0a61,RVT-DD9379CF468E2124,,VALIDATE,SKIPPED,Record status is not APPROVED.
2026-09-24T15:45:23.1058953-03:00,916715be-c77e-5698-942d-0736fe0c0a61,RVT-F6A8B8DE88539F06,,VALIDATE,SKIPPED,Record status is not APPROVED.
2026-09-24T15:45:23.1058955-03:00,916715be-c77e-5698-942d-0736fe0c0a61,RVT-88A3B5D4D1189CAF,,VALIDATE,SKIPPED,Record status is not APPROVED.
2026-09-24T15:45:23.1058956-03:00,916715be-c77e-5698-942d-0736fe0c0a61,RVT-9E581BE7C4379570,,VALIDATE,SKIPPED,Record status is not APPROVED.
2026-09-24T15:45:23.1058957-03:00,916715be-c77e-5698-942d-0736fe0c0a61,RVT-972A789E6B6408E8,,VALIDATE,SKIPPED,Record status is not APPROVED.
2026-09-24T15:45:23.1058958-03:00,916715be-c77e-5698-942d-0736fe0c0a61,RVT-3C929348983AA995,,VALIDATE,SKIPPED,Record status is not APPROVED.
2026-09-24T15:45:23.1058959-03:00,916715be-c77e-5698-942d-0736fe0c0a61,RVT-5848D3E7C362654A,,VALIDATE,SKIPPED,Record status is not APPROVED.
2026-09-24T15:45:23.1058960-03:00,916715be-c77e-5698-942d-0736fe0c0a61,RVT-67D9DD560C6BC112,,VALIDATE,SKIPPED,Record status is not APPROVED.
2026-09-24T15:45:23.1058961-03:00,916715be-c77e-5698-942d-0736fe0c0a61,RVT-51269D485A414DF5,,VALIDATE,SKIPPED,Record status is not APPROVED.
2026-09-24T15:45:23.1058962-03:00,916715be-c77e-5698-942d-0736fe0c0a61,RVT-AFA41E8448BC87EC,,VALIDATE,SKIPPED,Record status is not APPROVED.
2026-09-24T15:45:23.1058963-03:00,916715be-c77e-5698-942d-0736fe0c0a61,RVT-B84BFF03A9CFCCCF,,VALIDATE,SKIPPED,Record status is not APPROVED.
2026-09-24T15:45:23.1058964-03:00,916715be-c77e-5698-942d-0736fe0c0a61,RVT-27EB39A16E94BFE8,,VALIDATE,SKIPPED,Record status is not APPROVED.
2026-09-24T15:45:23.1058966-03:00,916715be-c77e-5698-942d-0736fe0c0a61,RVT-8A19E28C6406BC0C,,VALIDATE,SKIPPED,Record status is not APPROVED.
2026-09-24T15:45:23.1058967-03:00,916715be-c77e-5698-942d-0736fe0c0a61,RVT-5E401B66504B2658,,VALIDATE,SKIPPED,Record status is not APPROVED.
2026-09-24T15:45:23.1058968-03:00,916715be-c77e-5698-942d-0736fe0c0a61,RVT-D396E86A56689967,,VALIDATE,SKIPPED,Record status is not APPROVED.
2026-09-24T15:45:23.1058969-03:00,916715be-c77e-5698-942d-0736fe0c0a61,RVT-5ED351A35182F0AC,,VALIDATE,SKIPPED,Record status is not APPROVED.
2026-09-24T15:45:23.1058970-03:00,916715be-c77e-5698-942d-0736fe0c0a61,RVT-6DBEA3D72CF9FFEC,,VALIDATE,SKIPPED,Record status is not APPROVED.
2026-09-24T15:45:23.1058971-03:00,916715be-c77e-5698-942d-0736fe0c0a61,RVT-34C1E3F090E3F7DD,,VALIDATE,SKIPPED,Record status is not APPROVED.
2026-09-24T15:45:23.1058972-03:00,916715be-c77e-5698-942d-0736fe0c0a61,RVT-37E3288B2EDE9293,,VALIDATE,SKIPPED,Record status is not APPROVED.
2026-09-24T15:45:23.1058973-03:00,916715be-c77e-5698-942d-0736fe0c0a61,RVT-920A3EF34F1F31F8,,VALIDATE,SKIPPED,Record status is not APPROVED.
2026-09-24T15:45:23.1058974-03:00,916715be-c77e-5698-942d-0736fe0c0a61,RVT-7B801FDD79FF77F2,,VALIDATE,SKIPPED,Record status is not APPROVED.
2026-09-24T15:45:23.1058974-03:00,916715be-c77e-5698-942d-0736fe0c0a61,RVT-55BFC82C7DFED5BC,,VALIDATE,SKIPPED,Record status is not APPROVED.
2026-09-24T15:45:23.1058976-03:00,916715be-c77e-5698-942d-0736fe0c0a61,RVT-C2C057F983B56EC1,,VALIDATE,SKIPPED,Record status is not APPROVED.
2026-09-24T15:45:23.1058977-03:00,916715be-c77e-5698-942d-0736fe0c0a61,RVT-86015CF8A65B3A53,,VALIDATE,SKIPPED,Record status is not APPROVED.
2026-09-24T15:45:23.1058978-03:00,916715be-c77e-5698-942d-0736fe0c0a61,RVT-AFEB322B1BB75E80,,VALIDATE,SKIPPED,Record status is not APPROVED.
2026-09-24T15:45:23.1058979-03:00,916715be-c77e-5698-942d-0736fe0c0a61,RVT-FF10FA6129D0AFBE,,VALIDATE,SKIPPED,Record status is not APPROVED.
2026-09-24T15:45:23.1058980-03:00,916715be-c77e-5698-942d-0736fe0c0a61,RVT-CCEEBC5E8E84B01B,,VALIDATE,SKIPPED,Record status is not APPROVED.
2026-09-24T15:45:23.1058981-03:00,916715be-c77e-5698-942d-0736fe0c0a61,RVT-E265CA79F21E753E,,VALIDATE,SKIPPED,Record status is not APPROVED.
2026-09-24T15:45:23.1058982-03:00,916715be-c77e-5698-942d-0736fe0c0a61,RVT-37A9341F12306C66,,VALIDATE,SKIPPED,Record status is not APPROVED.
2026-09-24T15:45:23.1058983-03:00,916715be-c77e-5698-942d-0736fe0c0a61,RVT-8E3CC648EE1E9E6D,,VALIDATE,SKIPPED,Record status is not APPROVED.
2026-09-24T15:45:23.1058984-03:00,916715be-c77e-5698-942d-0736fe0c0a61,RVT-BC0AED8EF04BD524,,VALIDATE,SKIPPED,Record status is not APPROVED.
2026-09-24T15:45:23.1058985-03:00,916715be-c77e-5698-942d-0736fe0c0a61,RVT-49D2C683FC473802,,VALIDATE,SKIPPED,Record status is not APPROVED.
2026-09-24T15:45:23.1058987-03:00,916715be-c77e-5698-942d-0736fe0c0a61,RVT-28C38B6AB67D4A91,,VALIDATE,SKIPPED,Record status is not APPROVED.
2026-09-24T15:45:23.1058988-03:00,916715be-c77e-5698-942d-0736fe0c0a61,RVT-3DE2C35AF05A16F8,,VALIDATE,SKIPPED,Record status is not APPROVED.
2026-09-24T15:45:23.1058989-03:00,916715be-c77e-5698-942d-0736fe0c0a61,RVT-06E22557C87BCCF8,,VALIDATE,SKIPPED,Record status is not APPROVED.
2026-09-24T15:45:23.1058991-03:00,916715be-c77e-5698-942d-0736fe0c0a61,RVT-3A38B00980245AAC,,VALIDATE,SKIPPED,Record status is not APPROVED.
2026-09-24T15:45:23.1058991-03:00,916715be-c77e-5698-942d-0736fe0c0a61,RVT-8C8DD7C4DAA7EC54,,VALIDATE,SKIPPED,Record status is not APPROVED.
2026-09-24T15:45:23.1058993-03:00,916715be-c77e-5698-942d-0736fe0c0a61,RVT-A0212D5C646BE1E2,,VALIDATE,SKIPPED,Record status is not APPROVED.
2026-09-24T15:45:23.1058994-03:00,916715be-c77e-5698-942d-0736fe0c0a61,RVT-A059DE07C6893C81,,VALIDATE,SKIPPED,Record status is not APPROVED.
2026-09-24T15:45:23.1058995-03:00,916715be-c77e-5698-942d-0736fe0c0a61,RVT-944DBC3B778978D2,,VALIDATE,SKIPPED,Record status is not APPROVED.
2026-09-24T15:45:23.1058996-03:00,916715be-c77e-5698-942d-0736fe0c0a61,RVT-3E0A1575084ECFFC,,VALIDATE,SKIPPED,Record status is not APPROVED.
2026-09-24T15:45:23.1058997-03:00,916715be-c77e-5698-942d-0736fe0c0a61,RVT-752BE0D6BF600686,,VALIDATE,SKIPPED,Record status is not APPROVED.
2026-09-24T15:45:23.1058998-03:00,916715be-c77e-5698-942d-0736fe0c0a61,RVT-21848FFE39D6BB81,,VALIDATE,SKIPPED,Record status is not APPROVED.
2026-09-24T15:45:23.1058999-03:00,916715be-c77e-5698-942d-0736fe0c0a61,RVT-62E260C6797FF720,,VALIDATE,SKIPPED,Record status is not APPROVED.
2026-09-24T15:45:23.1059000-03:00,916715be-c77e-5698-942d-0736fe0c0a61,RVT-3937664353F63440,,VALIDATE,SKIPPED,Record status is not APPROVED.
2026-09-24T15:45:23.1059001-03:00,916715be-c77e-5698-942d-0736fe0c0a61,RVT-B12E3A115304E872,,VALIDATE,SKIPPED,Record status is not APPROVED.
2026-09-24T15:45:23.1059002-03:00,916715be-c77e-5698-942d-0736fe0c0a61,RVT-61B7954369209536,,VALIDATE,SKIPPED,Record status is not APPROVED.
2026-09-24T15:45:23.1059003-03:00,916715be-c77e-5698-942d-0736fe0c0a61,RVT-24BCB7FBC384B848,,VALIDATE,SKIPPED,Record status is not APPROVED.
2026-09-24T15:45:23.1059004-03:00,916715be-c77e-5698-942d-0736fe0c0a61,RVT-7A050EE901CB5E5E,,VALIDATE,SKIPPED,Record status is not APPROVED.
2026-09-24T15:45:23.1059005-03:00,916715be-c77e-5698-942d-0736fe0c0a61,RVT-47F3CDD018F51B7B,,VALIDATE,SKIPPED,Record status is not APPROVED.
2026-09-24T15:45:23.1059006-03:00,916715be-c77e-5698-942d-0736fe0c0a61,RVT-7DDE31195518DA79,,VALIDATE,SKIPPED,Record status is not APPROVED.
2026-09-24T15:45:23.1059007-03:00,916715be-c77e-5698-942d-0736fe0c0a61,RVT-88357C0AB06460E0,,VALIDATE,SKIPPED,Record status is not APPROVED.
2026-09-24T15:45:23.1059008-03:00,916715be-c77e-5698-942d-0736fe0c0a61,RVT-87BF02002BD2A589,,VALIDATE,SKIPPED,Record status is not APPROVED.
2026-09-24T15:45:23.1059009-03:00,916715be-c77e-5698-942d-0736fe0c0a61,RVT-3F7B8666B4B04B7A,,VALIDATE,SKIPPED,Record status is not APPROVED.
2026-09-24T15:45:23.1059010-03:00,916715be-c77e-5698-942d-0736fe0c0a61,RVT-1FDC25B897DD4FC6,,VALIDATE,SKIPPED,Record status is not APPROVED.
2026-09-24T15:45:23.1059010-03:00,916715be-c77e-5698-942d-0736fe0c0a61,RVT-67AE17220D0E5E00,,VALIDATE,SKIPPED,Record status is not APPROVED.
2026-09-24T15:45:23.1059012-03:00,916715be-c77e-5698-942d-0736fe0c0a61,RVT-4D35E0253E85D131,,VALIDATE,SKIPPED,Record status is not APPROVED.
2026-09-24T15:45:23.1059013-03:00,916715be-c77e-5698-942d-0736fe0c0a61,RVT-27CA8AC35506A834,,VALIDATE,SKIPPED,Record status is not APPROVED.
2026-09-24T15:45:23.1059014-03:00,916715be-c77e-5698-942d-0736fe0c0a61,RVT-AD4B57B41C476699,,VALIDATE,SKIPPED,Record status is not APPROVED.
2026-09-24T15:45:23.1059015-03:00,916715be-c77e-5698-942d-0736fe0c0a61,RVT-2841C43F2F9D0610,,VALIDATE,SKIPPED,Record status is not APPROVED.
2026-09-24T15:45:23.1059016-03:00,916715be-c77e-5698-942d-0736fe0c0a61,RVT-59A1DD61AB68DB57,,VALIDATE,SKIPPED,Record status is not APPROVED.
2026-09-24T15:45:23.1059017-03:00,916715be-c77e-5698-942d-0736fe0c0a61,RVT-0E30C91F646912A2,,VALIDATE,SKIPPED,Record status is not APPROVED.
2026-09-24T15:45:23.1059019-03:00,916715be-c77e-5698-942d-0736fe0c0a61,RVT-AACDDDB2C692A42A,,VALIDATE,SKIPPED,Record status is not APPROVED.
2026-09-24T15:45:23.1059020-03:00,916715be-c77e-5698-942d-0736fe0c0a61,RVT-ACE1840C95D0F308,,VALIDATE,SKIPPED,Record status is not APPROVED.
2026-09-24T15:45:23.1059021-03:00,916715be-c77e-5698-942d-0736fe0c0a61,RVT-3C7BD61D5A38184C,,VALIDATE,SKIPPED,Record status is not APPROVED.
2026-09-24T15:45:23.1059022-03:00,916715be-c77e-5698-942d-0736fe0c0a61,RVT-A9D1953BE67AFC0C,,VALIDATE,SKIPPED,Record status is not APPROVED.
2026-09-24T15:45:23.1059023-03:00,916715be-c77e-5698-942d-0736fe0c0a61,RVT-0D608F39F120EBDD,,VALIDATE,SKIPPED,Record status is not APPROVED.
2026-09-24T15:45:23.1059024-03:00,916715be-c77e-5698-942d-0736fe0c0a61,RVT-4D597CF72068BD10,,VALIDATE,SKIPPED,Record status is not APPROVED.
2026-09-24T15:45:23.1059026-03:00,916715be-c77e-5698-942d-0736fe0c0a61,RVT-9A0573F901160FD9,,VALIDATE,SKIPPED,Record status is not APPROVED.
2026-09-24T15:45:23.1059027-03:00,916715be-c77e-5698-942d-0736fe0c0a61,RVT-D99AC1EB156DEFBB,,VALIDATE,SKIPPED,Record status is not APPROVED.
2026-09-24T15:45:23.1059028-03:00,916715be-c77e-5698-942d-0736fe0c0a61,RVT-BB9E09AB83A83D4D,,VALIDATE,SKIPPED,Record status is not APPROVED.
2026-09-24T15:45:23.1059029-03:00,916715be-c77e-5698-942d-0736fe0c0a61,RVT-ABB31B6A9C9B38A2,,VALIDATE,SKIPPED,Record status is not APPROVED.
2026-09-24T15:45:23.1059030-03:00,916715be-c77e-5698-942d-0736fe0c0a61,RVT-1C3E6A5FC087828E,,VALIDATE,SKIPPED,Record status is not APPROVED.
2026-09-24T15:45:23.1059031-03:00,916715be-c77e-5698-942d-0736fe0c0a61,RVT-6892946EB6AC3E55,,VALIDATE,SKIPPED,Record status is not APPROVED.
2026-09-24T15:45:23.1059032-03:00,916715be-c77e-5698-942d-0736fe0c0a61,RVT-D1E201697DB9A2AE,,VALIDATE,SKIPPED,Record status is not APPROVED.
2026-09-24T15:45:23.1059033-03:00,916715be-c77e-5698-942d-0736fe0c0a61,RVT-31198679BCF1F4E2,,VALIDATE,SKIPPED,Record status is not APPROVED.
2026-09-24T15:45:23.1059034-03:00,916715be-c77e-5698-942d-0736fe0c0a61,RVT-90DC073FCA3B1669,,VALIDATE,SKIPPED,Record status is not APPROVED.
2026-09-24T15:45:23.1059035-03:00,916715be-c77e-5698-942d-0736fe0c0a61,RVT-C2158883315D93D3,,VALIDATE,SKIPPED,Record status is not APPROVED.
2026-09-24T15:45:23.1059036-03:00,916715be-c77e-5698-942d-0736fe0c0a61,RVT-69F3DFFAD6ACFDD1,,VALIDATE,SKIPPED,Record status is not APPROVED.
2026-09-24T15:45:23.1059038-03:00,916715be-c77e-5698-942d-0736fe0c0a61,RVT-EE15A744FAD7F975,,VALIDATE,SKIPPED,Record status is not APPROVED.
2026-09-24T15:45:23.1059039-03:00,916715be-c77e-5698-942d-0736fe0c0a61,RVT-89842CF0A331C892,,VALIDATE,SKIPPED,Record status is not APPROVED.
2026-09-24T15:45:23.1059040-03:00,916715be-c77e-5698-942d-0736fe0c0a61,RVT-2A2F4701BD562F0D,,VALIDATE,SKIPPED,Record status is not APPROVED.
2026-09-24T15:45:23.1059041-03:00,916715be-c77e-5698-942d-0736fe0c0a61,RVT-2668C4E69F1DBFA6,,VALIDATE,SKIPPED,Record status is not APPROVED.
2026-09-24T15:45:23.1059042-03:00,916715be-c77e-5698-942d-0736fe0c0a61,RVT-43B5772A7FE01580,,VALIDATE,SKIPPED,Record status is not APPROVED.
2026-09-24T15:45:23.1059043-03:00,916715be-c77e-5698-942d-0736fe0c0a61,RVT-E82B0DE804B32EDA,,VALIDATE,SKIPPED,Record status is not APPROVED.
2026-09-24T15:45:23.1059044-03:00,916715be-c77e-5698-942d-0736fe0c0a61,RVT-E5C9F9513258EC37,,VALIDATE,SKIPPED,Record status is not APPROVED.
2026-09-24T15:45:23.1059051-03:00,916715be-c77e-5698-942d-0736fe0c0a61,RVT-8CD07AFD5FE350A7,,VALIDATE,SKIPPED,Record status is not APPROVED.
2026-09-24T15:45:23.1059052-03:00,916715be-c77e-5698-942d-0736fe0c0a61,RVT-A4A5D85E2918717C,,VALIDATE,SKIPPED,Record status is not APPROVED.
2026-09-24T15:45:23.1059054-03:00,916715be-c77e-5698-942d-0736fe0c0a61,RVT-A6580545DACCDAFB,,VALIDATE,SKIPPED,Record status is not APPROVED.
2026-09-24T15:45:23.1059055-03:00,916715be-c77e-5698-942d-0736fe0c0a61,RVT-B10254ECF5845343,,VALIDATE,SKIPPED,Record status is not APPROVED.
2026-09-24T15:45:23.1059056-03:00,916715be-c77e-5698-942d-0736fe0c0a61,RVT-90285931C8E4DF07,,VALIDATE,SKIPPED,Record status is not APPROVED.
2026-09-24T15:45:23.1059057-03:00,916715be-c77e-5698-942d-0736fe0c0a61,RVT-033363DCD641E7CB,,VALIDATE,SKIPPED,Record status is not APPROVED.
2026-09-24T15:45:23.1059058-03:00,916715be-c77e-5698-942d-0736fe0c0a61,RVT-381304ACAFCEC423,,VALIDATE,SKIPPED,Record status is not APPROVED.
2026-09-24T15:45:23.1059059-03:00,916715be-c77e-5698-942d-0736fe0c0a61,RVT-43A2D8B6BAA6CDAF,,VALIDATE,SKIPPED,Record status is not APPROVED.
2026-09-24T15:45:23.1059060-03:00,916715be-c77e-5698-942d-0736fe0c0a61,RVT-2A6BF74D8B945BC1,,VALIDATE,SKIPPED,Record status is not APPROVED.
2026-09-24T15:45:23.1059061-03:00,916715be-c77e-5698-942d-0736fe0c0a61,RVT-DB56DF9CBD789903,,VALIDATE,SKIPPED,Record status is not APPROVED.
2026-09-24T15:45:23.1059063-03:00,916715be-c77e-5698-942d-0736fe0c0a61,RVT-3B0CD1FD4FDC2018,,VALIDATE,SKIPPED,Record status is not APPROVED.
2026-09-24T15:45:23.1059064-03:00,916715be-c77e-5698-942d-0736fe0c0a61,RVT-2220FF9342899AAF,,VALIDATE,SKIPPED,Record status is not APPROVED.
2026-09-24T15:45:23.1059065-03:00,916715be-c77e-5698-942d-0736fe0c0a61,RVT-2F18C1F0D6EC6784,,VALIDATE,SKIPPED,Record status is not APPROVED.
2026-09-24T15:45:23.1059065-03:00,916715be-c77e-5698-942d-0736fe0c0a61,RVT-30D3FA04CCE54790,,VALIDATE,SKIPPED,Record status is not APPROVED.
2026-09-24T15:45:23.1059067-03:00,916715be-c77e-5698-942d-0736fe0c0a61,RVT-F7D523580BCE7E35,,VALIDATE,SKIPPED,Record status is not APPROVED.
2026-09-24T15:45:23.1059068-03:00,916715be-c77e-5698-942d-0736fe0c0a61,RVT-683138CEEC26FA7F,,VALIDATE,SKIPPED,Record status is not APPROVED.
2026-09-24T15:45:23.1059069-03:00,916715be-c77e-5698-942d-0736fe0c0a61,RVT-11E3AE6B666F61AE,,VALIDATE,SKIPPED,Record status is not APPROVED.
2026-09-24T15:45:23.1059070-03:00,916715be-c77e-5698-942d-0736fe0c0a61,RVT-7AB751A8B5AC2539,,VALIDATE,SKIPPED,Record status is not APPROVED.
2026-09-24T15:45:23.1059072-03:00,916715be-c77e-5698-942d-0736fe0c0a61,RVT-538F6A5F9ED78265,,VALIDATE,SKIPPED,Record status is not APPROVED.
2026-09-24T15:45:23.1059073-03:00,916715be-c77e-5698-942d-0736fe0c0a61,RVT-875C3EA174FC7F63,,VALIDATE,SKIPPED,Record status is not APPROVED.
2026-09-24T15:45:23.1059074-03:00,916715be-c77e-5698-942d-0736fe0c0a61,RVT-89B3D4630D52F3EB,,VALIDATE,SKIPPED,Record status is not APPROVED.
2026-09-24T15:45:23.1059075-03:00,916715be-c77e-5698-942d-0736fe0c0a61,RVT-409C87212D4C7FF4,,VALIDATE,SKIPPED,Record status is not APPROVED.
2026-09-24T15:45:23.1059076-03:00,916715be-c77e-5698-942d-0736fe0c0a61,RVT-C9744A12E4E8E34C,,VALIDATE,SKIPPED,Record status is not APPROVED.
2026-09-24T15:45:23.1059077-03:00,916715be-c77e-5698-942d-0736fe0c0a61,RVT-2C876D97BB2B0C5B,,VALIDATE,SKIPPED,Record status is not APPROVED.
2026-09-24T15:45:23.1059078-03:00,916715be-c77e-5698-942d-0736fe0c0a61,RVT-83A74C334B34BF7B,,VALIDATE,SKIPPED,Record status is not APPROVED.
2026-09-24T15:45:23.1059079-03:00,916715be-c77e-5698-942d-0736fe0c0a61,RVT-36B2C56BBBCF5941,,VALIDATE,SKIPPED,Record status is not APPROVED.
2026-09-24T15:45:23.1059080-03:00,916715be-c77e-5698-942d-0736fe0c0a61,RVT-C1CC725E56DDD138,,VALIDATE,SKIPPED,Record status is not APPROVED.
2026-09-24T15:45:23.1059081-03:00,916715be-c77e-5698-942d-0736fe0c0a61,RVT-F1D0B31CE625F070,,VALIDATE,SKIPPED,Record status is not APPROVED.
2026-09-24T15:45:23.1059082-03:00,916715be-c77e-5698-942d-0736fe0c0a61,RVT-453E93332CA76E03,,VALIDATE,SKIPPED,Record status is not APPROVED.
2026-09-24T15:45:23.1059084-03:00,916715be-c77e-5698-942d-0736fe0c0a61,RVT-02AE769906A0F3CC,,VALIDATE,SKIPPED,Record status is not APPROVED.
2026-09-24T15:45:23.1059085-03:00,916715be-c77e-5698-942d-0736fe0c0a61,RVT-EE915047CD3E7C33,,VALIDATE,SKIPPED,Record status is not APPROVED.
2026-09-24T15:45:23.1059086-03:00,916715be-c77e-5698-942d-0736fe0c0a61,RVT-822135BFE7908F95,,VALIDATE,SKIPPED,Record status is not APPROVED.
2026-09-24T15:45:23.1059087-03:00,916715be-c77e-5698-942d-0736fe0c0a61,RVT-17EE29E0F9159610,,VALIDATE,SKIPPED,Record status is not APPROVED.
2026-09-24T15:45:23.1059088-03:00,916715be-c77e-5698-942d-0736fe0c0a61,RVT-BE005DC48F602C1B,,VALIDATE,SKIPPED,Record status is not APPROVED.
2026-09-24T15:45:23.1059089-03:00,916715be-c77e-5698-942d-0736fe0c0a61,RVT-67D08D66940E4A08,,VALIDATE,SKIPPED,Record status is not APPROVED.
2026-09-24T15:45:23.1059090-03:00,916715be-c77e-5698-942d-0736fe0c0a61,RVT-8EAECF9A8BBC7126,,VALIDATE,SKIPPED,Record status is not APPROVED.
2026-09-24T15:45:23.1059090-03:00,916715be-c77e-5698-942d-0736fe0c0a61,RVT-5B3F44003C786195,,VALIDATE,SKIPPED,Record status is not APPROVED.
2026-09-24T15:45:23.1059092-03:00,916715be-c77e-5698-942d-0736fe0c0a61,RVT-C65AA0821865EA2A,,VALIDATE,SKIPPED,Record status is not APPROVED.
2026-09-24T15:45:23.1059093-03:00,916715be-c77e-5698-942d-0736fe0c0a61,RVT-9AC7B15AD75749FC,,VALIDATE,SKIPPED,Record status is not APPROVED.
2026-09-24T15:45:23.1059094-03:00,916715be-c77e-5698-942d-0736fe0c0a61,RVT-43DC59106008A444,,VALIDATE,SKIPPED,Record status is not APPROVED.
2026-09-24T15:45:23.1059095-03:00,916715be-c77e-5698-942d-0736fe0c0a61,RVT-487C53E971F0F799,,VALIDATE,SKIPPED,Record status is not APPROVED.
2026-09-24T15:45:23.1059096-03:00,916715be-c77e-5698-942d-0736fe0c0a61,RVT-B72B330EB13F14BB,,VALIDATE,SKIPPED,Record status is not APPROVED.
2026-09-24T15:45:23.1059097-03:00,916715be-c77e-5698-942d-0736fe0c0a61,RVT-817FBAD612CE5347,,VALIDATE,SKIPPED,Record status is not APPROVED.
2026-09-24T15:45:23.1059097-03:00,916715be-c77e-5698-942d-0736fe0c0a61,RVT-7E479F133298C14B,,VALIDATE,SKIPPED,Record status is not APPROVED.
2026-09-24T15:45:23.1059099-03:00,916715be-c77e-5698-942d-0736fe0c0a61,RVT-ACD5698BBDAC69E4,,VALIDATE,SKIPPED,Record status is not APPROVED.
2026-09-24T15:45:23.1059100-03:00,916715be-c77e-5698-942d-0736fe0c0a61,RVT-7B2ADB456D0E102F,,VALIDATE,SKIPPED,Record status is not APPROVED.
2026-09-24T15:45:23.1059101-03:00,916715be-c77e-5698-942d-0736fe0c0a61,RVT-CA30A54725EE72F6,,VALIDATE,SKIPPED,Record status is not APPROVED.
2026-09-24T15:45:23.1059102-03:00,916715be-c77e-5698-942d-0736fe0c0a61,RVT-39CE09948850EBC1,,VALIDATE,SKIPPED,Record status is not APPROVED.
2026-09-24T15:45:23.1059103-03:00,916715be-c77e-5698-942d-0736fe0c0a61,RVT-15FF207C6CA38052,,VALIDATE,SKIPPED,Record status is not APPROVED.
2026-09-24T15:45:23.1059104-03:00,916715be-c77e-5698-942d-0736fe0c0a61,RVT-B1B1D936506AD753,,VALIDATE,SKIPPED,Record status is not APPROVED.
2026-09-24T15:45:23.1059105-03:00,916715be-c77e-5698-942d-0736fe0c0a61,RVT-6D7B994C5BA810B0,,VALIDATE,SKIPPED,Record status is not APPROVED.
2026-09-24T15:45:23.1059106-03:00,916715be-c77e-5698-942d-0736fe0c0a61,RVT-C81B4F50BA75F739,,VALIDATE,SKIPPED,Record status is not APPROVED.
2026-09-24T15:45:23.1059107-03:00,916715be-c77e-5698-942d-0736fe0c0a61,RVT-B9540A748EE0E30E,,VALIDATE,SKIPPED,Record status is not APPROVED.
2026-09-24T15:45:23.1059108-03:00,916715be-c77e-5698-942d-0736fe0c0a61,RVT-A09CEB2F0BBA0B78,,VALIDATE,SKIPPED,Record status is not APPROVED.
2026-09-24T15:45:23.1059110-03:00,916715be-c77e-5698-942d-0736fe0c0a61,RVT-EA72E451FDC1F00E,,VALIDATE,SKIPPED,Record status is not APPROVED.
2026-09-24T15:45:23.1059111-03:00,916715be-c77e-5698-942d-0736fe0c0a61,RVT-EB1B3DBA1A0ECDA6,,VALIDATE,SKIPPED,Record status is not APPROVED.
2026-09-24T15:45:23.1059112-03:00,916715be-c77e-5698-942d-0736fe0c0a61,RVT-67397AC11FCE9A26,,VALIDATE,SKIPPED,Record status is not APPROVED.
2026-09-24T15:45:23.1059113-03:00,916715be-c77e-5698-942d-0736fe0c0a61,RVT-9B39A3F559012216,,VALIDATE,SKIPPED,Record status is not APPROVED.
2026-09-24T15:45:23.1059114-03:00,916715be-c77e-5698-942d-0736fe0c0a61,RVT-59ABF103565ED441,,VALIDATE,SKIPPED,Record status is not APPROVED.
2026-09-24T15:45:23.1059115-03:00,916715be-c77e-5698-942d-0736fe0c0a61,RVT-CD1E27CC27561C84,,VALIDATE,SKIPPED,Record status is not APPROVED.
2026-09-24T15:45:23.1059116-03:00,916715be-c77e-5698-942d-0736fe0c0a61,RVT-12B2BC43A9FE94D3,,VALIDATE,SKIPPED,Record status is not APPROVED.
2026-09-24T15:45:23.1059117-03:00,916715be-c77e-5698-942d-0736fe0c0a61,RVT-52FFF2D6807804B6,,VALIDATE,SKIPPED,Record status is not APPROVED.
2026-09-24T15:45:23.1059118-03:00,916715be-c77e-5698-942d-0736fe0c0a61,RVT-C5A94ACAA330B2E5,,VALIDATE,SKIPPED,Record status is not APPROVED.
2026-09-24T15:45:23.1059119-03:00,916715be-c77e-5698-942d-0736fe0c0a61,RVT-F8552EFAC6215DA6,,VALIDATE,SKIPPED,Record status is not APPROVED.
2026-09-24T15:45:23.1059120-03:00,916715be-c77e-5698-942d-0736fe0c0a61,RVT-4CCE4FAB667CA86F,,VALIDATE,SKIPPED,Record status is not APPROVED.
2026-09-24T15:45:23.1059121-03:00,916715be-c77e-5698-942d-0736fe0c0a61,RVT-848AAC9A0B44AFA7,,VALIDATE,SKIPPED,Record status is not APPROVED.
2026-09-24T15:45:23.1059122-03:00,916715be-c77e-5698-942d-0736fe0c0a61,RVT-1C8F5BCACE39902D,,VALIDATE,SKIPPED,Record status is not APPROVED.
2026-09-24T15:45:23.1059123-03:00,916715be-c77e-5698-942d-0736fe0c0a61,RVT-71D06D64563DD01F,,VALIDATE,SKIPPED,Record status is not APPROVED.
2026-09-24T15:45:23.1059124-03:00,916715be-c77e-5698-942d-0736fe0c0a61,RVT-7B4B74ADC98E6D34,,VALIDATE,SKIPPED,Record status is not APPROVED.
2026-09-24T15:45:23.1059125-03:00,916715be-c77e-5698-942d-0736fe0c0a61,RVT-7D5FD9936BF6AA31,,VALIDATE,SKIPPED,Record status is not APPROVED.
2026-09-24T15:45:23.1059126-03:00,916715be-c77e-5698-942d-0736fe0c0a61,RVT-64277F782EBF2657,,VALIDATE,SKIPPED,Record status is not APPROVED.
2026-09-24T15:45:23.1059127-03:00,916715be-c77e-5698-942d-0736fe0c0a61,RVT-C29E7A57905B9F06,,VALIDATE,SKIPPED,Record status is not APPROVED.
2026-09-24T15:45:23.1059128-03:00,916715be-c77e-5698-942d-0736fe0c0a61,RVT-B610C60A46440A94,,VALIDATE,SKIPPED,Record status is not APPROVED.
2026-09-24T15:45:23.1059129-03:00,916715be-c77e-5698-942d-0736fe0c0a61,RVT-998DF35EB66D10BE,,VALIDATE,SKIPPED,Record status is not APPROVED.
2026-09-24T15:45:23.1059130-03:00,916715be-c77e-5698-942d-0736fe0c0a61,RVT-8E927CC83269E788,,VALIDATE,SKIPPED,Record status is not APPROVED.
2026-09-24T15:45:23.1059132-03:00,916715be-c77e-5698-942d-0736fe0c0a61,RVT-72384F2DDBA51C8A,,VALIDATE,SKIPPED,Record status is not APPROVED.
2026-09-24T15:45:23.1059133-03:00,916715be-c77e-5698-942d-0736fe0c0a61,RVT-37D097BC2552FB6C,,VALIDATE,SKIPPED,Record status is not APPROVED.
2026-09-24T15:45:23.1059134-03:00,916715be-c77e-5698-942d-0736fe0c0a61,RVT-BB719B2F15038A01,,VALIDATE,SKIPPED,Record status is not APPROVED.
2026-09-24T15:45:23.1059135-03:00,916715be-c77e-5698-942d-0736fe0c0a61,RVT-88B1CAFCB33F8FE0,,VALIDATE,SKIPPED,Record status is not APPROVED.
2026-09-24T15:45:23.1059136-03:00,916715be-c77e-5698-942d-0736fe0c0a61,RVT-B8CE0B9ECAEF79F2,,VALIDATE,SKIPPED,Record status is not APPROVED.
2026-09-24T15:45:23.1059137-03:00,916715be-c77e-5698-942d-0736fe0c0a61,RVT-D013C11E85EF2901,,VALIDATE,SKIPPED,Record status is not APPROVED.
2026-09-24T15:45:23.1059138-03:00,916715be-c77e-5698-942d-0736fe0c0a61,RVT-33801E62A1A7E57E,,VALIDATE,SKIPPED,Record status is not APPROVED.
2026-09-24T15:45:23.1059140-03:00,916715be-c77e-5698-942d-0736fe0c0a61,RVT-3E7CFFDF75B22EA5,,VALIDATE,SKIPPED,Record status is not APPROVED.
2026-09-24T15:45:23.1059141-03:00,916715be-c77e-5698-942d-0736fe0c0a61,RVT-271AB6E2165326AB,,VALIDATE,SKIPPED,Record status is not APPROVED.
2026-09-24T15:45:23.1059142-03:00,916715be-c77e-5698-942d-0736fe0c0a61,RVT-F28FA14B4F67001B,,VALIDATE,SKIPPED,Record status is not APPROVED.
2026-09-24T15:45:23.1059143-03:00,916715be-c77e-5698-942d-0736fe0c0a61,RVT-985454D4C670032D,,VALIDATE,SKIPPED,Record status is not APPROVED.
2026-09-24T15:45:23.1059144-03:00,916715be-c77e-5698-942d-0736fe0c0a61,RVT-3F3EF56B4426BE15,,VALIDATE,SKIPPED,Record status is not APPROVED.
2026-09-24T15:45:23.1059145-03:00,916715be-c77e-5698-942d-0736fe0c0a61,RVT-64E983D71541E136,,VALIDATE,SKIPPED,Record status is not APPROVED.
2026-09-24T15:45:23.1059146-03:00,916715be-c77e-5698-942d-0736fe0c0a61,RVT-1DA58FD1542B4B96,,VALIDATE,SKIPPED,Record status is not APPROVED.
2026-09-24T15:45:23.1059148-03:00,916715be-c77e-5698-942d-0736fe0c0a61,RVT-73D0BF9228DF444F,,VALIDATE,SKIPPED,Record status is not APPROVED.
2026-09-24T15:45:23.1059149-03:00,916715be-c77e-5698-942d-0736fe0c0a61,RVT-D5F0E396A01AA027,,VALIDATE,SKIPPED,Record status is not APPROVED.
2026-09-24T15:45:23.1059150-03:00,916715be-c77e-5698-942d-0736fe0c0a61,RVT-22F544A07B55676C,,VALIDATE,SKIPPED,Record status is not APPROVED.
2026-09-24T15:45:23.1059151-03:00,916715be-c77e-5698-942d-0736fe0c0a61,RVT-232EB2D298538B1C,,VALIDATE,SKIPPED,Record status is not APPROVED.
2026-09-24T15:45:23.1059152-03:00,916715be-c77e-5698-942d-0736fe0c0a61,RVT-45A9961458890A1D,,VALIDATE,SKIPPED,Record status is not APPROVED.
2026-09-24T15:45:23.1059154-03:00,916715be-c77e-5698-942d-0736fe0c0a61,RVT-77EAF5675CF2A20A,,VALIDATE,SKIPPED,Record status is not APPROVED.
2026-09-24T15:45:23.1059155-03:00,916715be-c77e-5698-942d-0736fe0c0a61,RVT-02F62F3A04F66B04,,VALIDATE,SKIPPED,Record status is not APPROVED.
2026-09-24T15:45:23.1059156-03:00,916715be-c77e-5698-942d-0736fe0c0a61,RVT-2043C01F981AD399,,VALIDATE,SKIPPED,Record status is not APPROVED.
2026-09-24T15:45:23.1059157-03:00,916715be-c77e-5698-942d-0736fe0c0a61,RVT-7FC4316619B38962,,VALIDATE,SKIPPED,Record status is not APPROVED.
2026-09-24T15:45:23.1059158-03:00,916715be-c77e-5698-942d-0736fe0c0a61,RVT-AC13383291D8ED8B,,VALIDATE,SKIPPED,Record status is not APPROVED.
2026-09-24T15:45:23.1059159-03:00,916715be-c77e-5698-942d-0736fe0c0a61,RVT-7DA50091CFC7F53B,,VALIDATE,SKIPPED,Record status is not APPROVED.
2026-09-24T15:45:23.1059160-03:00,916715be-c77e-5698-942d-0736fe0c0a61,RVT-0C887BF6049A6E36,,VALIDATE,SKIPPED,Record status is not APPROVED.
2026-09-24T15:45:23.1059160-03:00,916715be-c77e-5698-942d-0736fe0c0a61,RVT-B723CBABB4C7AD54,,VALIDATE,SKIPPED,Record status is not APPROVED.
2026-09-24T15:45:23.1059162-03:00,916715be-c77e-5698-942d-0736fe0c0a61,RVT-4D316660E312B749,,VALIDATE,SKIPPED,Record status is not APPROVED.
2026-09-24T15:45:23.1059163-03:00,916715be-c77e-5698-942d-0736fe0c0a61,RVT-341959B731DF8F5B,,VALIDATE,SKIPPED,Record status is not APPROVED.
2026-09-24T15:45:23.1059164-03:00,916715be-c77e-5698-942d-0736fe0c0a61,RVT-BEA1D6BC66EEDBD3,,VALIDATE,SKIPPED,Record status is not APPROVED.
2026-09-24T15:45:23.1059165-03:00,916715be-c77e-5698-942d-0736fe0c0a61,RVT-9AEAABD9DD9513F7,,VALIDATE,SKIPPED,Record status is not APPROVED.
2026-09-24T15:45:23.1059166-03:00,916715be-c77e-5698-942d-0736fe0c0a61,RVT-19ABA80F48AC94A9,,VALIDATE,SKIPPED,Record status is not APPROVED.
2026-09-24T15:45:23.1059167-03:00,916715be-c77e-5698-942d-0736fe0c0a61,RVT-D8A6D287494D65FE,,VALIDATE,SKIPPED,Record status is not APPROVED.
2026-09-24T15:45:23.1059169-03:00,916715be-c77e-5698-942d-0736fe0c0a61,RVT-96A0F817B063011D,,VALIDATE,SKIPPED,Record status is not APPROVED.
2026-09-24T15:45:23.1059170-03:00,916715be-c77e-5698-942d-0736fe0c0a61,RVT-DD0CCEAAD3927BEB,,VALIDATE,SKIPPED,Record status is not APPROVED.
2026-09-24T15:45:23.1059171-03:00,916715be-c77e-5698-942d-0736fe0c0a61,RVT-AEBE22B97064F6B5,,VALIDATE,SKIPPED,Record status is not APPROVED.
2026-09-24T15:45:23.1059172-03:00,916715be-c77e-5698-942d-0736fe0c0a61,RVT-E8E7BEEB84CF6460,,VALIDATE,SKIPPED,Record status is not APPROVED.
2026-09-24T15:45:23.1059173-03:00,916715be-c77e-5698-942d-0736fe0c0a61,RVT-B339957225973A7D,,VALIDATE,SKIPPED,Record status is not APPROVED.
2026-09-24T15:45:23.1059174-03:00,916715be-c77e-5698-942d-0736fe0c0a61,RVT-EA363281A2A53F8C,,VALIDATE,SKIPPED,Record status is not APPROVED.
2026-09-24T15:45:23.1059176-03:00,916715be-c77e-5698-942d-0736fe0c0a61,RVT-880C5ADE16F72E8A,,VALIDATE,SKIPPED,Record status is not APPROVED.
2026-09-24T15:45:23.1059176-03:00,916715be-c77e-5698-942d-0736fe0c0a61,RVT-022ABC6112D33E5E,,VALIDATE,SKIPPED,Record status is not APPROVED.
2026-09-24T15:45:23.1059178-03:00,916715be-c77e-5698-942d-0736fe0c0a61,RVT-7B4BF1172F9B1F68,,VALIDATE,SKIPPED,Record status is not APPROVED.
2026-09-24T15:45:23.1059179-03:00,916715be-c77e-5698-942d-0736fe0c0a61,RVT-DD66B35863C528D4,,VALIDATE,SKIPPED,Record status is not APPROVED.
2026-09-24T15:45:23.1059180-03:00,916715be-c77e-5698-942d-0736fe0c0a61,RVT-AD73EAA89A3AE308,,VALIDATE,SKIPPED,Record status is not APPROVED.
2026-09-24T15:45:23.1059181-03:00,916715be-c77e-5698-942d-0736fe0c0a61,RVT-D185E6AC93840F58,,VALIDATE,SKIPPED,Record status is not APPROVED.
2026-09-24T15:45:23.1059182-03:00,916715be-c77e-5698-942d-0736fe0c0a61,RVT-64E8DDD439E47201,,VALIDATE,SKIPPED,Record status is not APPROVED.
2026-09-24T15:45:23.1059183-03:00,916715be-c77e-5698-942d-0736fe0c0a61,RVT-277BF5DABD77DA5C,,VALIDATE,SKIPPED,Record status is not APPROVED.
2026-09-24T15:45:23.1059184-03:00,916715be-c77e-5698-942d-0736fe0c0a61,RVT-70DC0BDD4EA71837,,VALIDATE,SKIPPED,Record status is not APPROVED.
2026-09-24T15:45:23.1059185-03:00,916715be-c77e-5698-942d-0736fe0c0a61,RVT-6203B71F497054F2,,VALIDATE,SKIPPED,Record status is not APPROVED.
2026-09-24T15:45:23.1059186-03:00,916715be-c77e-5698-942d-0736fe0c0a61,RVT-408EEC824FBED2E1,,VALIDATE,SKIPPED,Record status is not APPROVED.
2026-09-24T15:45:23.1059188-03:00,916715be-c77e-5698-942d-0736fe0c0a61,RVT-9DF4A4352E9ECD3B,,VALIDATE,SKIPPED,Record status is not APPROVED.
2026-09-24T15:45:23.1059189-03:00,916715be-c77e-5698-942d-0736fe0c0a61,RVT-606CF22F10B11825,,VALIDATE,SKIPPED,Record status is not APPROVED.
2026-09-24T15:45:23.1059190-03:00,916715be-c77e-5698-942d-0736fe0c0a61,RVT-10F18DEDB59E41BB,,VALIDATE,SKIPPED,Record status is not APPROVED.
2026-09-24T15:45:23.1059199-03:00,916715be-c77e-5698-942d-0736fe0c0a61,RVT-CEA703A6E55AA795,,VALIDATE,SKIPPED,Record status is not APPROVED.
2026-09-24T15:45:23.1059200-03:00,916715be-c77e-5698-942d-0736fe0c0a61,RVT-D877791BC253A128,,VALIDATE,SKIPPED,Record status is not APPROVED.
2026-09-24T15:45:23.1059202-03:00,916715be-c77e-5698-942d-0736fe0c0a61,RVT-9CDE58EA8CD4ED5C,,VALIDATE,SKIPPED,Record status is not APPROVED.
2026-09-24T15:45:23.1059203-03:00,916715be-c77e-5698-942d-0736fe0c0a61,RVT-CFF7C7267C42F4CB,,VALIDATE,SKIPPED,Record status is not APPROVED.
2026-09-24T15:45:23.1059204-03:00,916715be-c77e-5698-942d-0736fe0c0a61,RVT-E5CCEAC12E4807CB,,VALIDATE,SKIPPED,Record status is not APPROVED.
2026-09-24T15:45:23.1059205-03:00,916715be-c77e-5698-942d-0736fe0c0a61,RVT-960F91936583476A,,VALIDATE,SKIPPED,Record status is not APPROVED.
2026-09-24T15:45:23.1059206-03:00,916715be-c77e-5698-942d-0736fe0c0a61,RVT-5E286B19A81CAA96,,VALIDATE,SKIPPED,Record status is not APPROVED.
2026-09-24T15:45:23.1059207-03:00,916715be-c77e-5698-942d-0736fe0c0a61,RVT-FE80F1DD064F0015,,VALIDATE,SKIPPED,Record status is not APPROVED.
2026-09-24T15:45:23.1059208-03:00,916715be-c77e-5698-942d-0736fe0c0a61,RVT-EFB96725910D6EFF,,VALIDATE,SKIPPED,Record status is not APPROVED.
2026-09-24T15:45:23.1059209-03:00,916715be-c77e-5698-942d-0736fe0c0a61,RVT-DDE86717E08242E1,,VALIDATE,SKIPPED,Record status is not APPROVED.
2026-09-24T15:45:23.1059210-03:00,916715be-c77e-5698-942d-0736fe0c0a61,RVT-01D26E04B6715404,,VALIDATE,SKIPPED,Record status is not APPROVED.
2026-09-24T15:45:23.1059211-03:00,916715be-c77e-5698-942d-0736fe0c0a61,RVT-B38391ABC744DD2E,,VALIDATE,SKIPPED,Record status is not APPROVED.
2026-09-24T15:45:23.1059212-03:00,916715be-c77e-5698-942d-0736fe0c0a61,RVT-30B2AC6CA16F17E2,,VALIDATE,SKIPPED,Record status is not APPROVED.
2026-09-24T15:45:23.1059213-03:00,916715be-c77e-5698-942d-0736fe0c0a61,RVT-8268ED892B42A971,,VALIDATE,SKIPPED,Record status is not APPROVED.
2026-09-24T15:45:23.1059214-03:00,916715be-c77e-5698-942d-0736fe0c0a61,RVT-8E01A81C2B0A8652,,VALIDATE,SKIPPED,Record status is not APPROVED.
2026-09-24T15:45:23.1059215-03:00,916715be-c77e-5698-942d-0736fe0c0a61,RVT-91FBAA2BB3DCFBA1,,VALIDATE,SKIPPED,Record status is not APPROVED.
2026-09-24T15:45:23.1059216-03:00,916715be-c77e-5698-942d-0736fe0c0a61,RVT-3438CE66CAD6F014,,VALIDATE,SKIPPED,Record status is not APPROVED.
2026-09-24T15:45:23.1059218-03:00,916715be-c77e-5698-942d-0736fe0c0a61,RVT-F14FE5DD86F5F8E7,,VALIDATE,SKIPPED,Record status is not APPROVED.
2026-09-24T15:45:23.1059219-03:00,916715be-c77e-5698-942d-0736fe0c0a61,RVT-A28274E7EDE9A6D9,,VALIDATE,SKIPPED,Record status is not APPROVED.
2026-09-24T15:45:23.1059220-03:00,916715be-c77e-5698-942d-0736fe0c0a61,RVT-0D6D023CCBDD9F3A,,VALIDATE,SKIPPED,Record status is not APPROVED.
2026-09-24T15:45:23.1059221-03:00,916715be-c77e-5698-942d-0736fe0c0a61,RVT-DEA38CC4050A154E,,VALIDATE,SKIPPED,Record status is not APPROVED.
2026-09-24T15:45:23.1059222-03:00,916715be-c77e-5698-942d-0736fe0c0a61,RVT-D07C5A2BB6DE06CE,,VALIDATE,SKIPPED,Record status is not APPROVED.
2026-09-24T15:45:23.1059224-03:00,916715be-c77e-5698-942d-0736fe0c0a61,RVT-76490E3218642B5E,,VALIDATE,SKIPPED,Record status is not APPROVED.
2026-09-24T15:45:23.1059225-03:00,916715be-c77e-5698-942d-0736fe0c0a61,RVT-53E80FF89AC8A3E3,,VALIDATE,SKIPPED,Record status is not APPROVED.
2026-09-24T15:45:23.1059225-03:00,916715be-c77e-5698-942d-0736fe0c0a61,RVT-D5A8F04884CE2BF2,,VALIDATE,SKIPPED,Record status is not APPROVED.
2026-09-24T15:45:23.1059226-03:00,916715be-c77e-5698-942d-0736fe0c0a61,RVT-86E1FE8E37547F8C,,VALIDATE,SKIPPED,Record status is not APPROVED.
2026-09-24T15:45:23.1059227-03:00,916715be-c77e-5698-942d-0736fe0c0a61,RVT-2FDD8597B7E511EF,,VALIDATE,SKIPPED,Record status is not APPROVED.
2026-09-24T15:45:23.1059229-03:00,916715be-c77e-5698-942d-0736fe0c0a61,RVT-85B2450AA155D49C,,VALIDATE,SKIPPED,Record status is not APPROVED.
2026-09-24T15:45:23.1059230-03:00,916715be-c77e-5698-942d-0736fe0c0a61,RVT-59728C4B29859BD8,,VALIDATE,SKIPPED,Record status is not APPROVED.
2026-09-24T15:45:23.1059231-03:00,916715be-c77e-5698-942d-0736fe0c0a61,RVT-2F199B3F0DF5C0BE,,VALIDATE,SKIPPED,Record status is not APPROVED.
2026-09-24T15:45:23.1059232-03:00,916715be-c77e-5698-942d-0736fe0c0a61,RVT-A8F831428CB17958,,VALIDATE,SKIPPED,Record status is not APPROVED.
2026-09-24T15:45:23.1059233-03:00,916715be-c77e-5698-942d-0736fe0c0a61,RVT-67D745E601757C1D,,VALIDATE,SKIPPED,Record status is not APPROVED.
2026-09-24T15:45:23.1059234-03:00,916715be-c77e-5698-942d-0736fe0c0a61,RVT-069EBDFAA5706A62,,VALIDATE,SKIPPED,Record status is not APPROVED.
2026-09-24T15:45:23.1059236-03:00,916715be-c77e-5698-942d-0736fe0c0a61,RVT-AA08B592CB87F0D2,,VALIDATE,SKIPPED,Record status is not APPROVED.
2026-09-24T15:45:23.1059238-03:00,916715be-c77e-5698-942d-0736fe0c0a61,RVT-418C870977532D58,,VALIDATE,SKIPPED,Record status is not APPROVED.
2026-09-24T15:45:23.1059239-03:00,916715be-c77e-5698-942d-0736fe0c0a61,RVT-61B33E20E5195C23,,VALIDATE,SKIPPED,Record status is not APPROVED.
2026-09-24T15:45:23.1059240-03:00,916715be-c77e-5698-942d-0736fe0c0a61,RVT-2FFE8377CFFA0020,,VALIDATE,SKIPPED,Record status is not APPROVED.
2026-09-24T15:45:23.1059241-03:00,916715be-c77e-5698-942d-0736fe0c0a61,RVT-D4AAE81D12B2FB42,,VALIDATE,SKIPPED,Record status is not APPROVED.
2026-09-24T15:45:23.1059242-03:00,916715be-c77e-5698-942d-0736fe0c0a61,RVT-ED34F1301A9109DA,,VALIDATE,SKIPPED,Record status is not APPROVED.
2026-09-24T15:45:23.1059243-03:00,916715be-c77e-5698-942d-0736fe0c0a61,RVT-626AD24D9C81C79B,,VALIDATE,SKIPPED,Record status is not APPROVED.
2026-09-24T15:45:23.1059244-03:00,916715be-c77e-5698-942d-0736fe0c0a61,RVT-FD30200A0D57F233,,VALIDATE,SKIPPED,Record status is not APPROVED.
2026-09-24T15:45:23.1059245-03:00,916715be-c77e-5698-942d-0736fe0c0a61,RVT-30F2B3C268ECE47F,,VALIDATE,SKIPPED,Record status is not APPROVED.
2026-09-24T15:45:23.1059246-03:00,916715be-c77e-5698-942d-0736fe0c0a61,RVT-7B514A0AF66BB356,,VALIDATE,SKIPPED,Record status is not APPROVED.
2026-09-24T15:45:23.1059247-03:00,916715be-c77e-5698-942d-0736fe0c0a61,RVT-853A8144EC9395D3,,VALIDATE,SKIPPED,Record status is not APPROVED.
2026-09-24T15:45:23.1059248-03:00,916715be-c77e-5698-942d-0736fe0c0a61,RVT-D21A8CEF267953EC,,VALIDATE,SKIPPED,Record status is not APPROVED.
2026-09-24T15:45:23.1059249-03:00,916715be-c77e-5698-942d-0736fe0c0a61,RVT-190DDA3F0BAD0967,,VALIDATE,SKIPPED,Record status is not APPROVED.
2026-09-24T15:45:23.1059250-03:00,916715be-c77e-5698-942d-0736fe0c0a61,RVT-2190D540F96719FB,,VALIDATE,SKIPPED,Record status is not APPROVED.
2026-09-24T15:45:23.1059251-03:00,916715be-c77e-5698-942d-0736fe0c0a61,RVT-B393BFF8A3A7C8B1,,VALIDATE,SKIPPED,Record status is not APPROVED.
2026-09-24T15:45:23.1059252-03:00,916715be-c77e-5698-942d-0736fe0c0a61,RVT-17F588CE022D6F68,,VALIDATE,SKIPPED,Record status is not APPROVED.
2026-09-24T15:45:23.1059253-03:00,916715be-c77e-5698-942d-0736fe0c0a61,RVT-CF6376BD140A353F,,VALIDATE,SKIPPED,Record status is not APPROVED.
2026-09-24T15:45:23.1059254-03:00,916715be-c77e-5698-942d-0736fe0c0a61,RVT-973ABCEEA716EF21,,VALIDATE,SKIPPED,Record status is not APPROVED.
2026-09-24T15:45:23.1059255-03:00,916715be-c77e-5698-942d-0736fe0c0a61,RVT-2745D22FE6E14483,,VALIDATE,SKIPPED,Record status is not APPROVED.
2026-09-24T15:45:23.1059256-03:00,916715be-c77e-5698-942d-0736fe0c0a61,RVT-F7B1EB13232CBF2D,,VALIDATE,SKIPPED,Record status is not APPROVED.
2026-09-24T15:45:23.1059258-03:00,916715be-c77e-5698-942d-0736fe0c0a61,RVT-46EFACFA256EDB5B,,VALIDATE,SKIPPED,Record status is not APPROVED.
2026-09-24T15:45:23.1059259-03:00,916715be-c77e-5698-942d-0736fe0c0a61,RVT-A987D3D755738673,,VALIDATE,SKIPPED,Record status is not APPROVED.
2026-09-24T15:45:23.1059260-03:00,916715be-c77e-5698-942d-0736fe0c0a61,RVT-7E7246680D7F6669,,VALIDATE,SKIPPED,Record status is not APPROVED.
2026-09-24T15:45:23.1059261-03:00,916715be-c77e-5698-942d-0736fe0c0a61,RVT-89BC9884CCD0B3EB,,VALIDATE,SKIPPED,Record status is not APPROVED.
2026-09-24T15:45:23.1059262-03:00,916715be-c77e-5698-942d-0736fe0c0a61,RVT-AA8C120BF229313B,,VALIDATE,SKIPPED,Record status is not APPROVED.
2026-09-24T15:45:23.1059263-03:00,916715be-c77e-5698-942d-0736fe0c0a61,RVT-0900388F84DC030E,,VALIDATE,SKIPPED,Record status is not APPROVED.
2026-09-24T15:45:23.1059264-03:00,916715be-c77e-5698-942d-0736fe0c0a61,RVT-096B58C4197AB258,,VALIDATE,SKIPPED,Record status is not APPROVED.
2026-09-24T15:45:23.1059265-03:00,916715be-c77e-5698-942d-0736fe0c0a61,RVT-FD3B1C4756FA8D48,,VALIDATE,SKIPPED,Record status is not APPROVED.
2026-09-24T15:45:23.1059266-03:00,916715be-c77e-5698-942d-0736fe0c0a61,RVT-29AC02981444945A,,VALIDATE,SKIPPED,Record status is not APPROVED.
2026-09-24T15:45:23.1059267-03:00,916715be-c77e-5698-942d-0736fe0c0a61,RVT-6D63077F5F189836,,VALIDATE,SKIPPED,Record status is not APPROVED.
2026-09-24T15:45:23.1059268-03:00,916715be-c77e-5698-942d-0736fe0c0a61,RVT-1D57BA6FCDC1DFEE,,VALIDATE,SKIPPED,Record status is not APPROVED.
2026-09-24T15:45:23.1059269-03:00,916715be-c77e-5698-942d-0736fe0c0a61,RVT-87A78557EF1B754A,,VALIDATE,SKIPPED,Record status is not APPROVED.
2026-09-24T15:45:23.1059270-03:00,916715be-c77e-5698-942d-0736fe0c0a61,RVT-0CF2334450861E81,,VALIDATE,SKIPPED,Record status is not APPROVED.
2026-09-24T15:45:23.1059271-03:00,916715be-c77e-5698-942d-0736fe0c0a61,RVT-FBB326D256978A69,,VALIDATE,SKIPPED,Record status is not APPROVED.
2026-09-24T15:45:23.1059272-03:00,916715be-c77e-5698-942d-0736fe0c0a61,RVT-4FDE72CD265F0749,,VALIDATE,SKIPPED,Record status is not APPROVED.
2026-09-24T15:45:23.1059273-03:00,916715be-c77e-5698-942d-0736fe0c0a61,RVT-31B6CC5781D79E17,,VALIDATE,SKIPPED,Record status is not APPROVED.
2026-09-24T15:45:23.1059274-03:00,916715be-c77e-5698-942d-0736fe0c0a61,RVT-AA65EE9D9DC0FE58,,VALIDATE,SKIPPED,Record status is not APPROVED.
2026-09-24T15:45:23.1059275-03:00,916715be-c77e-5698-942d-0736fe0c0a61,RVT-0A3E0D43B08F7913,,VALIDATE,SKIPPED,Record status is not APPROVED.
2026-09-24T15:45:23.1059277-03:00,916715be-c77e-5698-942d-0736fe0c0a61,RVT-9BBDC249BED30E92,,VALIDATE,SKIPPED,Record status is not APPROVED.
2026-09-24T15:45:23.1059278-03:00,916715be-c77e-5698-942d-0736fe0c0a61,RVT-EE2268A14EAA0E70,,VALIDATE,SKIPPED,Record status is not APPROVED.
2026-09-24T15:45:23.1059279-03:00,916715be-c77e-5698-942d-0736fe0c0a61,RVT-E9E8631A042CC347,,VALIDATE,SKIPPED,Record status is not APPROVED.
2026-09-24T15:45:23.1059280-03:00,916715be-c77e-5698-942d-0736fe0c0a61,RVT-495DCEA5AC65EE8A,,VALIDATE,SKIPPED,Record status is not APPROVED.
2026-09-24T15:45:23.1059281-03:00,916715be-c77e-5698-942d-0736fe0c0a61,RVT-32D857A00B2D34F0,,VALIDATE,SKIPPED,Record status is not APPROVED.
2026-09-24T15:45:23.1059282-03:00,916715be-c77e-5698-942d-0736fe0c0a61,RVT-E2BBC6FB31D47FD5,,VALIDATE,SKIPPED,Record status is not APPROVED.
2026-09-24T15:45:23.1059283-03:00,916715be-c77e-5698-942d-0736fe0c0a61,RVT-D5810CD942A4C8F2,,VALIDATE,SKIPPED,Record status is not APPROVED.
2026-09-24T15:45:23.1059284-03:00,916715be-c77e-5698-942d-0736fe0c0a61,RVT-3EEFF7BBAFC1A75A,,VALIDATE,SKIPPED,Record status is not APPROVED.
2026-09-24T15:45:23.1059285-03:00,916715be-c77e-5698-942d-0736fe0c0a61,RVT-E0E0BA94CDE18C7F,,VALIDATE,SKIPPED,Record status is not APPROVED.
2026-09-24T15:45:23.1059286-03:00,916715be-c77e-5698-942d-0736fe0c0a61,RVT-DBCF4420917210F1,,VALIDATE,SKIPPED,Record status is not APPROVED.
2026-09-24T15:45:23.1059287-03:00,916715be-c77e-5698-942d-0736fe0c0a61,RVT-BA5F96ED3D9A44C8,,VALIDATE,SKIPPED,Record status is not APPROVED.
2026-09-24T15:45:23.1059288-03:00,916715be-c77e-5698-942d-0736fe0c0a61,RVT-2A454CEC713EA4B7,,VALIDATE,SKIPPED,Record status is not APPROVED.
2026-09-24T15:45:23.1059289-03:00,916715be-c77e-5698-942d-0736fe0c0a61,RVT-C9A0BF8CE69FF1C0,,VALIDATE,SKIPPED,Record status is not APPROVED.
2026-09-24T15:45:23.1059290-03:00,916715be-c77e-5698-942d-0736fe0c0a61,RVT-085720E6DA9788F8,,VALIDATE,SKIPPED,Record status is not APPROVED.
2026-09-24T15:45:23.1059291-03:00,916715be-c77e-5698-942d-0736fe0c0a61,RVT-9270B515CD3AA9A9,,VALIDATE,SKIPPED,Record status is not APPROVED.
2026-09-24T15:45:23.1059292-03:00,916715be-c77e-5698-942d-0736fe0c0a61,RVT-57D424006586EC3E,,VALIDATE,SKIPPED,Record status is not APPROVED.
2026-09-24T15:45:23.1059293-03:00,916715be-c77e-5698-942d-0736fe0c0a61,RVT-54249A363BC7C350,,VALIDATE,SKIPPED,Record status is not APPROVED.
2026-09-24T15:45:23.1059294-03:00,916715be-c77e-5698-942d-0736fe0c0a61,RVT-0EA6E0856B6DCBD9,,VALIDATE,SKIPPED,Record status is not APPROVED.
2026-09-24T15:45:23.1059295-03:00,916715be-c77e-5698-942d-0736fe0c0a61,RVT-BAEE4D0600DD3262,,VALIDATE,SKIPPED,Record status is not APPROVED.
2026-09-24T15:45:23.1059296-03:00,916715be-c77e-5698-942d-0736fe0c0a61,RVT-98CEF93AB91D2D9A,,VALIDATE,SKIPPED,Record status is not APPROVED.
2026-09-24T15:45:23.1059297-03:00,916715be-c77e-5698-942d-0736fe0c0a61,RVT-0F46E1BBB608BF8C,,VALIDATE,SKIPPED,Record status is not APPROVED.
2026-09-24T15:45:23.1059298-03:00,916715be-c77e-5698-942d-0736fe0c0a61,RVT-B56B247109FEC6E9,,VALIDATE,SKIPPED,Record status is not APPROVED.
2026-09-24T15:45:23.1059299-03:00,916715be-c77e-5698-942d-0736fe0c0a61,RVT-2995C87C8244B52A,,VALIDATE,SKIPPED,Record status is not APPROVED.
2026-09-24T15:45:23.1059300-03:00,916715be-c77e-5698-942d-0736fe0c0a61,RVT-44B6BB48FE035BF4,,VALIDATE,SKIPPED,Record status is not APPROVED.
2026-09-24T15:45:23.1059301-03:00,916715be-c77e-5698-942d-0736fe0c0a61,RVT-2252730F7E6C001C,,VALIDATE,SKIPPED,Record status is not APPROVED.
2026-09-24T15:45:23.1059302-03:00,916715be-c77e-5698-942d-0736fe0c0a61,RVT-8AB02034040BFE98,,VALIDATE,SKIPPED,Record status is not APPROVED.
2026-09-24T15:45:23.1059303-03:00,916715be-c77e-5698-942d-0736fe0c0a61,RVT-E591E42E6CAE8E7B,,VALIDATE,SKIPPED,Record status is not APPROVED.
2026-09-24T15:45:23.1059304-03:00,916715be-c77e-5698-942d-0736fe0c0a61,RVT-8D6622D8F9A19D10,,VALIDATE,SKIPPED,Record status is not APPROVED.
2026-09-24T15:45:23.1059305-03:00,916715be-c77e-5698-942d-0736fe0c0a61,RVT-56594F405224CD63,,VALIDATE,SKIPPED,Record status is not APPROVED.
2026-09-24T15:45:23.1059306-03:00,916715be-c77e-5698-942d-0736fe0c0a61,RVT-AF33CBBD95BA5A4B,,VALIDATE,SKIPPED,Record status is not APPROVED.
2026-09-24T15:45:23.1059307-03:00,916715be-c77e-5698-942d-0736fe0c0a61,RVT-60AAEBBC224EC4DB,,VALIDATE,SKIPPED,Record status is not APPROVED.
2026-09-24T15:45:23.1059308-03:00,916715be-c77e-5698-942d-0736fe0c0a61,RVT-1812603BA16CCABE,,VALIDATE,SKIPPED,Record status is not APPROVED.
2026-09-24T15:45:23.1059309-03:00,916715be-c77e-5698-942d-0736fe0c0a61,RVT-0F4D6755807EA26D,,VALIDATE,SKIPPED,Record status is not APPROVED.
2026-09-24T15:45:23.1059311-03:00,916715be-c77e-5698-942d-0736fe0c0a61,RVT-995899253433CE08,,VALIDATE,SKIPPED,Record status is not APPROVED.
2026-09-24T15:45:23.1059311-03:00,916715be-c77e-5698-942d-0736fe0c0a61,RVT-605228CD91C33883,,VALIDATE,SKIPPED,Record status is not APPROVED.
2026-09-24T15:45:23.1059312-03:00,916715be-c77e-5698-942d-0736fe0c0a61,RVT-D266E3659E1E7DD7,,VALIDATE,SKIPPED,Record status is not APPROVED.
2026-09-24T15:45:23.1059313-03:00,916715be-c77e-5698-942d-0736fe0c0a61,RVT-B01D7169232320BF,,VALIDATE,SKIPPED,Record status is not APPROVED.
2026-09-24T15:45:23.1059315-03:00,916715be-c77e-5698-942d-0736fe0c0a61,RVT-84A0E065E8E7C29E,,VALIDATE,SKIPPED,Record status is not APPROVED.
2026-09-24T15:45:23.1059316-03:00,916715be-c77e-5698-942d-0736fe0c0a61,RVT-5A9A0BE44932A8AD,,VALIDATE,SKIPPED,Record status is not APPROVED.
2026-09-24T15:45:23.1059317-03:00,916715be-c77e-5698-942d-0736fe0c0a61,RVT-0427AB669D9A0E78,,VALIDATE,SKIPPED,Record status is not APPROVED.
2026-09-24T15:45:23.1059318-03:00,916715be-c77e-5698-942d-0736fe0c0a61,RVT-BCA340D01230BE25,,VALIDATE,SKIPPED,Record status is not APPROVED.
2026-09-24T15:45:23.1059319-03:00,916715be-c77e-5698-942d-0736fe0c0a61,RVT-873487B945DB337A,,VALIDATE,SKIPPED,Record status is not APPROVED.
2026-09-24T15:45:23.1059320-03:00,916715be-c77e-5698-942d-0736fe0c0a61,RVT-AF2DA09BC17BBA42,,VALIDATE,SKIPPED,Record status is not APPROVED.
2026-09-24T15:45:23.1059321-03:00,916715be-c77e-5698-942d-0736fe0c0a61,RVT-D99BE29B9D6A54C5,,VALIDATE,SKIPPED,Record status is not APPROVED.
2026-09-24T15:45:23.1059322-03:00,916715be-c77e-5698-942d-0736fe0c0a61,RVT-16541B7DCBF2B217,,VALIDATE,SKIPPED,Record status is not APPROVED.
2026-09-24T15:45:23.1059323-03:00,916715be-c77e-5698-942d-0736fe0c0a61,RVT-7C590EA3EF284B6E,,VALIDATE,SKIPPED,Record status is not APPROVED.
2026-09-24T15:45:23.1059324-03:00,916715be-c77e-5698-942d-0736fe0c0a61,RVT-6261787C942FDB15,,VALIDATE,SKIPPED,Record status is not APPROVED.
2026-09-24T15:45:23.1059325-03:00,916715be-c77e-5698-942d-0736fe0c0a61,RVT-F305525E6F34CC71,,VALIDATE,SKIPPED,Record status is not APPROVED.
2026-09-24T15:45:23.1059326-03:00,916715be-c77e-5698-942d-0736fe0c0a61,RVT-5D07ABC5CFA04614,,VALIDATE,SKIPPED,Record status is not APPROVED.
2026-09-24T15:45:23.1059327-03:00,916715be-c77e-5698-942d-0736fe0c0a61,RVT-E1DCE4844B74B824,,VALIDATE,SKIPPED,Record status is not APPROVED.
2026-09-24T15:45:23.1059328-03:00,916715be-c77e-5698-942d-0736fe0c0a61,RVT-BEABD5A4E067BF7F,,VALIDATE,SKIPPED,Record status is not APPROVED.
2026-09-24T15:45:23.1059329-03:00,916715be-c77e-5698-942d-0736fe0c0a61,RVT-382F305FB69EC576,,VALIDATE,SKIPPED,Record status is not APPROVED.
2026-09-24T15:45:23.1059330-03:00,916715be-c77e-5698-942d-0736fe0c0a61,RVT-556D890FD6680EE1,,VALIDATE,SKIPPED,Record status is not APPROVED.
2026-09-24T15:45:23.1059331-03:00,916715be-c77e-5698-942d-0736fe0c0a61,RVT-1DF3002ADB8E89E5,,VALIDATE,SKIPPED,Record status is not APPROVED.
2026-09-24T15:45:23.1059332-03:00,916715be-c77e-5698-942d-0736fe0c0a61,RVT-247612C7C21529CA,,VALIDATE,SKIPPED,Record status is not APPROVED.
2026-09-24T15:45:23.1059334-03:00,916715be-c77e-5698-942d-0736fe0c0a61,RVT-4312BEBAC9C5DC52,,VALIDATE,SKIPPED,Record status is not APPROVED.
2026-09-24T15:45:23.1059335-03:00,916715be-c77e-5698-942d-0736fe0c0a61,RVT-AA522AF2177E10BC,,VALIDATE,SKIPPED,Record status is not APPROVED.
2026-09-24T15:45:23.1059336-03:00,916715be-c77e-5698-942d-0736fe0c0a61,RVT-016A7886C0A60584,,VALIDATE,SKIPPED,Record status is not APPROVED.
2026-09-24T15:45:23.1059342-03:00,916715be-c77e-5698-942d-0736fe0c0a61,RVT-85628AC1ABE25B1D,,VALIDATE,SKIPPED,Record status is not APPROVED.
2026-09-24T15:45:23.1059344-03:00,916715be-c77e-5698-942d-0736fe0c0a61,RVT-26B085BCA88CE063,,VALIDATE,SKIPPED,Record status is not APPROVED.
2026-09-24T15:45:23.1059345-03:00,916715be-c77e-5698-942d-0736fe0c0a61,RVT-2FFB7C29EA4D89F7,,VALIDATE,SKIPPED,Record status is not APPROVED.
2026-09-24T15:45:23.1059346-03:00,916715be-c77e-5698-942d-0736fe0c0a61,RVT-399E3FDED1E4AA50,,VALIDATE,SKIPPED,Record status is not APPROVED.
2026-09-24T15:45:23.1059347-03:00,916715be-c77e-5698-942d-0736fe0c0a61,RVT-99344D0E271BDCEE,,VALIDATE,SKIPPED,Record status is not APPROVED.
2026-09-24T15:45:23.1059348-03:00,916715be-c77e-5698-942d-0736fe0c0a61,RVT-C61E61771344F195,,VALIDATE,SKIPPED,Record status is not APPROVED.
2026-09-24T15:45:23.1059349-03:00,916715be-c77e-5698-942d-0736fe0c0a61,RVT-B205EF98A3A8E358,,VALIDATE,SKIPPED,Record status is not APPROVED.
2026-09-24T15:45:23.1059351-03:00,916715be-c77e-5698-942d-0736fe0c0a61,RVT-433ED2B698421FFA,,VALIDATE,SKIPPED,Record status is not APPROVED.
2026-09-24T15:45:23.1059352-03:00,916715be-c77e-5698-942d-0736fe0c0a61,RVT-2EA14744E3927BB6,,VALIDATE,SKIPPED,Record status is not APPROVED.
2026-09-24T15:45:23.1059353-03:00,916715be-c77e-5698-942d-0736fe0c0a61,RVT-9BFD093445F26E93,,VALIDATE,SKIPPED,Record status is not APPROVED.
2026-09-24T15:45:23.1059353-03:00,916715be-c77e-5698-942d-0736fe0c0a61,RVT-24FCCC2DE27A09C7,,VALIDATE,SKIPPED,Record status is not APPROVED.
2026-09-24T15:45:23.1059357-03:00,916715be-c77e-5698-942d-0736fe0c0a61,RVT-0B93999E5582A088,,VALIDATE,SKIPPED,Record status is not APPROVED.
2026-09-24T15:45:23.1059358-03:00,916715be-c77e-5698-942d-0736fe0c0a61,RVT-D799B04E82AD0335,,VALIDATE,SKIPPED,Record status is not APPROVED.
2026-09-24T15:45:23.1059359-03:00,916715be-c77e-5698-942d-0736fe0c0a61,RVT-2A612C812FF36EF4,,VALIDATE,SKIPPED,Record status is not APPROVED.
2026-09-24T15:45:23.1059360-03:00,916715be-c77e-5698-942d-0736fe0c0a61,RVT-4518F1A930243F94,,VALIDATE,SKIPPED,Record status is not APPROVED.
2026-09-24T15:45:23.1059361-03:00,916715be-c77e-5698-942d-0736fe0c0a61,RVT-7DD47B3B10EDD11F,,VALIDATE,SKIPPED,Record status is not APPROVED.
2026-09-24T15:45:23.1059362-03:00,916715be-c77e-5698-942d-0736fe0c0a61,RVT-8ECA3E34FE14F368,,VALIDATE,SKIPPED,Record status is not APPROVED.
2026-09-24T15:45:23.1059363-03:00,916715be-c77e-5698-942d-0736fe0c0a61,RVT-44F35CE870E44D4D,,VALIDATE,SKIPPED,Record status is not APPROVED.
2026-09-24T15:45:23.1059364-03:00,916715be-c77e-5698-942d-0736fe0c0a61,RVT-7708A4BA86018213,,VALIDATE,SKIPPED,Record status is not APPROVED.
2026-09-24T15:45:23.1059365-03:00,916715be-c77e-5698-942d-0736fe0c0a61,RVT-CE0600EF9D70038A,,VALIDATE,SKIPPED,Record status is not APPROVED.
2026-09-24T15:45:23.1059365-03:00,916715be-c77e-5698-942d-0736fe0c0a61,RVT-32824A941D75AD08,,VALIDATE,SKIPPED,Record status is not APPROVED.
2026-09-24T15:45:23.1059367-03:00,916715be-c77e-5698-942d-0736fe0c0a61,RVT-34D0C174400B8CCB,,VALIDATE,SKIPPED,Record status is not APPROVED.
2026-09-24T15:45:23.1059368-03:00,916715be-c77e-5698-942d-0736fe0c0a61,RVT-02A3607BB60C6704,,VALIDATE,SKIPPED,Record status is not APPROVED.
2026-09-24T15:45:23.1059369-03:00,916715be-c77e-5698-942d-0736fe0c0a61,RVT-2500E92F2EAA6139,,VALIDATE,SKIPPED,Record status is not APPROVED.
2026-09-24T15:45:23.1059370-03:00,916715be-c77e-5698-942d-0736fe0c0a61,RVT-EDE50EDD68799371,,VALIDATE,SKIPPED,Record status is not APPROVED.
2026-09-24T15:45:23.1059371-03:00,916715be-c77e-5698-942d-0736fe0c0a61,RVT-D29326F5F5DEF1A2,,VALIDATE,SKIPPED,Record status is not APPROVED.
2026-09-24T15:45:23.1059372-03:00,916715be-c77e-5698-942d-0736fe0c0a61,RVT-AEC0A3A449755413,,VALIDATE,SKIPPED,Record status is not APPROVED.
2026-09-24T15:45:23.1059373-03:00,916715be-c77e-5698-942d-0736fe0c0a61,RVT-D87CD9FF23216712,,VALIDATE,SKIPPED,Record status is not APPROVED.
2026-09-24T15:45:23.1059374-03:00,916715be-c77e-5698-942d-0736fe0c0a61,RVT-0CCC5D780E1F695C,,VALIDATE,SKIPPED,Record status is not APPROVED.
2026-09-24T15:45:23.1059375-03:00,916715be-c77e-5698-942d-0736fe0c0a61,RVT-CBBF9E66A4CEC7F2,,VALIDATE,SKIPPED,Record status is not APPROVED.
2026-09-24T15:45:23.1059376-03:00,916715be-c77e-5698-942d-0736fe0c0a61,RVT-51BEE4D062B821FA,,VALIDATE,SKIPPED,Record status is not APPROVED.
2026-09-24T15:45:23.1059377-03:00,916715be-c77e-5698-942d-0736fe0c0a61,RVT-CB53FEB5E348237B,,VALIDATE,SKIPPED,Record status is not APPROVED.
2026-09-24T15:45:23.1059378-03:00,916715be-c77e-5698-942d-0736fe0c0a61,RVT-3517EF20A4C4A19E,,VALIDATE,SKIPPED,Record status is not APPROVED.
2026-09-24T15:45:23.1059379-03:00,916715be-c77e-5698-942d-0736fe0c0a61,RVT-B669C18497FDE619,,VALIDATE,SKIPPED,Record status is not APPROVED.
2026-09-24T15:45:23.1059379-03:00,916715be-c77e-5698-942d-0736fe0c0a61,RVT-5FACEB206C072C2E,,VALIDATE,SKIPPED,Record status is not APPROVED.
2026-09-24T15:45:23.1059381-03:00,916715be-c77e-5698-942d-0736fe0c0a61,RVT-9913E6A8CEB931D2,,VALIDATE,SKIPPED,Record status is not APPROVED.
2026-09-24T15:45:23.1059382-03:00,916715be-c77e-5698-942d-0736fe0c0a61,RVT-E1992806E955FB69,,VALIDATE,SKIPPED,Record status is not APPROVED.
2026-09-24T15:45:23.1059383-03:00,916715be-c77e-5698-942d-0736fe0c0a61,RVT-D2C924A8048241EE,,VALIDATE,SKIPPED,Record status is not APPROVED.
2026-09-24T15:45:23.1059384-03:00,916715be-c77e-5698-942d-0736fe0c0a61,RVT-2C1BC11B778CDB1A,,VALIDATE,SKIPPED,Record status is not APPROVED.
2026-09-24T15:45:23.1059385-03:00,916715be-c77e-5698-942d-0736fe0c0a61,RVT-B9BB60FD11A0DB7A,,VALIDATE,SKIPPED,Record status is not APPROVED.
2026-09-24T15:45:23.1059386-03:00,916715be-c77e-5698-942d-0736fe0c0a61,RVT-890290997935809F,,VALIDATE,SKIPPED,Record status is not APPROVED.
2026-09-24T15:45:23.1059387-03:00,916715be-c77e-5698-942d-0736fe0c0a61,RVT-F5F29759896E2BAE,,VALIDATE,SKIPPED,Record status is not APPROVED.
2026-09-24T15:45:23.1059388-03:00,916715be-c77e-5698-942d-0736fe0c0a61,RVT-805521E0F247AF3E,,VALIDATE,SKIPPED,Record status is not APPROVED.
2026-09-24T15:45:23.1059389-03:00,916715be-c77e-5698-942d-0736fe0c0a61,RVT-45CC7172F4A9AC1F,,VALIDATE,SKIPPED,Record status is not APPROVED.
2026-09-24T15:45:23.1059390-03:00,916715be-c77e-5698-942d-0736fe0c0a61,RVT-CF47A128A83AAE45,,VALIDATE,SKIPPED,Record status is not APPROVED.
2026-09-24T15:45:23.1059391-03:00,916715be-c77e-5698-942d-0736fe0c0a61,RVT-5AFCE0F00D8FF982,,VALIDATE,SKIPPED,Record status is not APPROVED.
2026-09-24T15:45:23.1059392-03:00,916715be-c77e-5698-942d-0736fe0c0a61,RVT-FF75D9094D1AEFD5,,VALIDATE,SKIPPED,Record status is not APPROVED.
2026-09-24T15:45:23.1059396-03:00,916715be-c77e-5698-942d-0736fe0c0a61,RVT-1A398E3199E24D14,,VALIDATE,SKIPPED,Record status is not APPROVED.
2026-09-24T15:45:23.1059397-03:00,916715be-c77e-5698-942d-0736fe0c0a61,RVT-FA6314CD11DE3077,,VALIDATE,SKIPPED,Record status is not APPROVED.
2026-09-24T15:45:23.1059399-03:00,916715be-c77e-5698-942d-0736fe0c0a61,RVT-A82B266CD30CA4B3,,VALIDATE,SKIPPED,Record status is not APPROVED.
2026-09-24T15:45:23.1059400-03:00,916715be-c77e-5698-942d-0736fe0c0a61,RVT-87B777781411419E,,VALIDATE,SKIPPED,Record status is not APPROVED.
2026-09-24T15:45:23.1059401-03:00,916715be-c77e-5698-942d-0736fe0c0a61,RVT-B0F49D21F97C3032,,VALIDATE,SKIPPED,Record status is not APPROVED.
2026-09-24T15:45:23.1059402-03:00,916715be-c77e-5698-942d-0736fe0c0a61,RVT-8D427DD7E7BBEDDF,,VALIDATE,SKIPPED,Record status is not APPROVED.
2026-09-24T15:45:23.1059403-03:00,916715be-c77e-5698-942d-0736fe0c0a61,RVT-91ADCDF00095A4DB,,VALIDATE,SKIPPED,Record status is not APPROVED.
2026-09-24T15:45:23.1059404-03:00,916715be-c77e-5698-942d-0736fe0c0a61,RVT-5BECDE75EC2C3219,,VALIDATE,SKIPPED,Record status is not APPROVED.
2026-09-24T15:45:23.1059405-03:00,916715be-c77e-5698-942d-0736fe0c0a61,RVT-4DCB601D8B424B60,,VALIDATE,SKIPPED,Record status is not APPROVED.
2026-09-24T15:45:23.1059406-03:00,916715be-c77e-5698-942d-0736fe0c0a61,RVT-EF73D4F10D391910,,VALIDATE,SKIPPED,Record status is not APPROVED.
2026-09-24T15:45:23.1059407-03:00,916715be-c77e-5698-942d-0736fe0c0a61,RVT-108108024180D6DC,,VALIDATE,SKIPPED,Record status is not APPROVED.
2026-09-24T15:45:23.1059408-03:00,916715be-c77e-5698-942d-0736fe0c0a61,RVT-BBFBDEA43B068984,,VALIDATE,SKIPPED,Record status is not APPROVED.
2026-09-24T15:45:23.1059409-03:00,916715be-c77e-5698-942d-0736fe0c0a61,RVT-BBD6F1850E153687,,VALIDATE,SKIPPED,Record status is not APPROVED.
2026-09-24T15:45:23.1059410-03:00,916715be-c77e-5698-942d-0736fe0c0a61,RVT-9A21498C0D5A1D7E,,VALIDATE,SKIPPED,Record status is not APPROVED.
2026-09-24T15:45:23.1059411-03:00,916715be-c77e-5698-942d-0736fe0c0a61,RVT-77C4D9FDB82E7B85,,VALIDATE,SKIPPED,Record status is not APPROVED.
2026-09-24T15:45:23.1059412-03:00,916715be-c77e-5698-942d-0736fe0c0a61,RVT-E9692372477553E8,,VALIDATE,SKIPPED,Record status is not APPROVED.
2026-09-24T15:45:23.1059413-03:00,916715be-c77e-5698-942d-0736fe0c0a61,RVT-EFFF734CAD4DB3CE,,VALIDATE,SKIPPED,Record status is not APPROVED.
2026-09-24T15:45:23.1059414-03:00,916715be-c77e-5698-942d-0736fe0c0a61,RVT-56246B707C390234,,VALIDATE,SKIPPED,Record status is not APPROVED.
2026-09-24T15:45:23.1059415-03:00,916715be-c77e-5698-942d-0736fe0c0a61,RVT-253711E2642EDEEF,,VALIDATE,SKIPPED,Record status is not APPROVED.
2026-09-24T15:45:23.1059417-03:00,916715be-c77e-5698-942d-0736fe0c0a61,RVT-98444589A6B8E05B,,VALIDATE,SKIPPED,Record status is not APPROVED.
2026-09-24T15:45:23.1059418-03:00,916715be-c77e-5698-942d-0736fe0c0a61,RVT-79BE58E30B2E69B5,,VALIDATE,SKIPPED,Record status is not APPROVED.
2026-09-24T15:45:23.1059418-03:00,916715be-c77e-5698-942d-0736fe0c0a61,RVT-EE7720E15A4B337F,,VALIDATE,SKIPPED,Record status is not APPROVED.
2026-09-24T15:45:23.1059419-03:00,916715be-c77e-5698-942d-0736fe0c0a61,RVT-7B929E5AB4AAAE3C,,VALIDATE,SKIPPED,Record status is not APPROVED.
2026-09-24T15:45:23.1059420-03:00,916715be-c77e-5698-942d-0736fe0c0a61,RVT-08C998A468FBE2DA,,VALIDATE,SKIPPED,Record status is not APPROVED.
2026-09-24T15:45:23.1059422-03:00,916715be-c77e-5698-942d-0736fe0c0a61,RVT-B0DC7B7C00514365,,VALIDATE,SKIPPED,Record status is not APPROVED.
2026-09-24T15:45:23.1059423-03:00,916715be-c77e-5698-942d-0736fe0c0a61,RVT-EAB90CC775A141EB,,VALIDATE,SKIPPED,Record status is not APPROVED.
2026-09-24T15:45:23.1059424-03:00,916715be-c77e-5698-942d-0736fe0c0a61,RVT-D7A80A34EEACBF50,,VALIDATE,SKIPPED,Record status is not APPROVED.
2026-09-24T15:45:23.1059425-03:00,916715be-c77e-5698-942d-0736fe0c0a61,RVT-483DC5B74D5BDCB9,,VALIDATE,SKIPPED,Record status is not APPROVED.
2026-09-24T15:45:23.1059426-03:00,916715be-c77e-5698-942d-0736fe0c0a61,RVT-710FDDDA0F8BF366,,VALIDATE,SKIPPED,Record status is not APPROVED.
2026-09-24T15:45:23.1059427-03:00,916715be-c77e-5698-942d-0736fe0c0a61,RVT-7F574BD1B7BD524D,,VALIDATE,SKIPPED,Record status is not APPROVED.
2026-09-24T15:45:23.1059428-03:00,916715be-c77e-5698-942d-0736fe0c0a61,RVT-EE33BC5D2178F7E3,,VALIDATE,SKIPPED,Record status is not APPROVED.
2026-09-24T15:45:23.1059430-03:00,916715be-c77e-5698-942d-0736fe0c0a61,RVT-4DD2EA1F12C4A5CD,,VALIDATE,SKIPPED,Record status is not APPROVED.
2026-09-24T15:45:23.1059431-03:00,916715be-c77e-5698-942d-0736fe0c0a61,RVT-C5D608EBCC887753,,VALIDATE,SKIPPED,Record status is not APPROVED.
2026-09-24T15:45:23.1059432-03:00,916715be-c77e-5698-942d-0736fe0c0a61,RVT-3B4E439903061D6C,,VALIDATE,SKIPPED,Record status is not APPROVED.
2026-09-24T15:45:23.1059433-03:00,916715be-c77e-5698-942d-0736fe0c0a61,RVT-3F85721F709324FF,,VALIDATE,SKIPPED,Record status is not APPROVED.
2026-09-24T15:45:23.1059434-03:00,916715be-c77e-5698-942d-0736fe0c0a61,RVT-F4892148581AEA15,,VALIDATE,SKIPPED,Record status is not APPROVED.
2026-09-24T15:45:23.1059435-03:00,916715be-c77e-5698-942d-0736fe0c0a61,RVT-D1D81806E2A01FAF,,VALIDATE,SKIPPED,Record status is not APPROVED.
2026-09-24T15:45:23.1059436-03:00,916715be-c77e-5698-942d-0736fe0c0a61,RVT-5E5DED495A5DBCDF,,VALIDATE,SKIPPED,Record status is not APPROVED.
2026-09-24T15:45:23.1059437-03:00,916715be-c77e-5698-942d-0736fe0c0a61,RVT-27810D09B6DE335A,,VALIDATE,SKIPPED,Record status is not APPROVED.
2026-09-24T15:45:23.1059438-03:00,916715be-c77e-5698-942d-0736fe0c0a61,RVT-13D94A0F4251180B,,VALIDATE,SKIPPED,Record status is not APPROVED.
2026-09-24T15:45:23.1059440-03:00,916715be-c77e-5698-942d-0736fe0c0a61,RVT-FFCE9E7251A9AA43,,VALIDATE,SKIPPED,Record status is not APPROVED.
2026-09-24T15:45:23.1059440-03:00,916715be-c77e-5698-942d-0736fe0c0a61,RVT-4F749C2C4F3CCD0D,,VALIDATE,SKIPPED,Record status is not APPROVED.
2026-09-24T15:45:23.1059441-03:00,916715be-c77e-5698-942d-0736fe0c0a61,RVT-BB0C30C84458E308,,VALIDATE,SKIPPED,Record status is not APPROVED.
2026-09-24T15:45:23.1059442-03:00,916715be-c77e-5698-942d-0736fe0c0a61,RVT-2FA63D476D9EC229,,VALIDATE,SKIPPED,Record status is not APPROVED.
2026-09-24T15:45:23.1059443-03:00,916715be-c77e-5698-942d-0736fe0c0a61,RVT-835A4179F4FC0207,,VALIDATE,SKIPPED,Record status is not APPROVED.
2026-09-24T15:45:23.1059444-03:00,916715be-c77e-5698-942d-0736fe0c0a61,RVT-C6373450CD66A9C6,,VALIDATE,SKIPPED,Record status is not APPROVED.
2026-09-24T15:45:23.1059445-03:00,916715be-c77e-5698-942d-0736fe0c0a61,RVT-464BFC064B9A524C,,VALIDATE,SKIPPED,Record status is not APPROVED.
2026-09-24T15:45:23.1059446-03:00,916715be-c77e-5698-942d-0736fe0c0a61,RVT-CA1FAC369FD91D17,,VALIDATE,SKIPPED,Record status is not APPROVED.
2026-09-24T15:45:23.1059447-03:00,916715be-c77e-5698-942d-0736fe0c0a61,RVT-789266555B14A40C,,VALIDATE,SKIPPED,Record status is not APPROVED.
2026-09-24T15:45:23.1059448-03:00,916715be-c77e-5698-942d-0736fe0c0a61,RVT-FD4C6F6605858B25,,VALIDATE,SKIPPED,Record status is not APPROVED.
2026-09-24T15:45:23.1059449-03:00,916715be-c77e-5698-942d-0736fe0c0a61,RVT-F77493513E04AD73,,VALIDATE,SKIPPED,Record status is not APPROVED.
2026-09-24T15:45:23.1059451-03:00,916715be-c77e-5698-942d-0736fe0c0a61,RVT-42059E8704AEAB42,,VALIDATE,SKIPPED,Record status is not APPROVED.
2026-09-24T15:45:23.1059452-03:00,916715be-c77e-5698-942d-0736fe0c0a61,RVT-34E5FB2F43399FFD,,VALIDATE,SKIPPED,Record status is not APPROVED.
2026-09-24T15:45:23.1059453-03:00,916715be-c77e-5698-942d-0736fe0c0a61,RVT-8E27ECD4746A9C1C,,VALIDATE,SKIPPED,Record status is not APPROVED.
2026-09-24T15:45:23.1059455-03:00,916715be-c77e-5698-942d-0736fe0c0a61,RVT-A306DCDBCEE7FE86,,VALIDATE,SKIPPED,Record status is not APPROVED.
2026-09-24T15:45:23.1059456-03:00,916715be-c77e-5698-942d-0736fe0c0a61,RVT-73FB6E8C866078A0,,VALIDATE,SKIPPED,Record status is not APPROVED.
2026-09-24T15:45:23.1059457-03:00,916715be-c77e-5698-942d-0736fe0c0a61,RVT-059454675634AC1E,,VALIDATE,SKIPPED,Record status is not APPROVED.
2026-09-24T15:45:23.1059458-03:00,916715be-c77e-5698-942d-0736fe0c0a61,RVT-D9069A0B67EBCC97,,VALIDATE,SKIPPED,Record status is not APPROVED.
2026-09-24T15:45:23.1059459-03:00,916715be-c77e-5698-942d-0736fe0c0a61,RVT-6170C9D5F750B9DE,,VALIDATE,SKIPPED,Record status is not APPROVED.
2026-09-24T15:45:23.1059460-03:00,916715be-c77e-5698-942d-0736fe0c0a61,RVT-444EF7AA966176DE,,VALIDATE,SKIPPED,Record status is not APPROVED.
2026-09-24T15:45:23.1059461-03:00,916715be-c77e-5698-942d-0736fe0c0a61,RVT-DDF1CC45F47647C7,,VALIDATE,SKIPPED,Record status is not APPROVED.
2026-09-24T15:45:23.1059462-03:00,916715be-c77e-5698-942d-0736fe0c0a61,RVT-7F492E179B56129D,,VALIDATE,SKIPPED,Record status is not APPROVED.
2026-09-24T15:45:23.1059464-03:00,916715be-c77e-5698-942d-0736fe0c0a61,RVT-F95841D3574E2130,,VALIDATE,SKIPPED,Record status is not APPROVED.
2026-09-24T15:45:23.1059465-03:00,916715be-c77e-5698-942d-0736fe0c0a61,RVT-1CE139AF65DC3E90,,VALIDATE,SKIPPED,Record status is not APPROVED.
2026-09-24T15:45:23.1059466-03:00,916715be-c77e-5698-942d-0736fe0c0a61,RVT-45B2D01CA265E11A,,VALIDATE,SKIPPED,Record status is not APPROVED.
2026-09-24T15:45:23.1059467-03:00,916715be-c77e-5698-942d-0736fe0c0a61,RVT-34D2C965F5F82F6E,,VALIDATE,SKIPPED,Record status is not APPROVED.
2026-09-24T15:45:23.1059468-03:00,916715be-c77e-5698-942d-0736fe0c0a61,RVT-6B5DE9D99C18B857,,VALIDATE,SKIPPED,Record status is not APPROVED.
2026-09-24T15:45:23.1059468-03:00,916715be-c77e-5698-942d-0736fe0c0a61,RVT-D7AC128302C33B5E,,VALIDATE,SKIPPED,Record status is not APPROVED.
2026-09-24T15:45:23.1059469-03:00,916715be-c77e-5698-942d-0736fe0c0a61,RVT-85A2092BE48C6FA9,,VALIDATE,SKIPPED,Record status is not APPROVED.
2026-09-24T15:45:23.1059470-03:00,916715be-c77e-5698-942d-0736fe0c0a61,RVT-D28A303943C9CD8C,,VALIDATE,SKIPPED,Record status is not APPROVED.
2026-09-24T15:45:23.1059471-03:00,916715be-c77e-5698-942d-0736fe0c0a61,RVT-CB912AE152B8F02E,,VALIDATE,SKIPPED,Record status is not APPROVED.
2026-09-24T15:45:23.1059474-03:00,916715be-c77e-5698-942d-0736fe0c0a61,RVT-0CF468753B421280,,VALIDATE,SKIPPED,Record status is not APPROVED.
2026-09-24T15:45:23.1059475-03:00,916715be-c77e-5698-942d-0736fe0c0a61,RVT-B51574D77813E9AF,,VALIDATE,SKIPPED,Record status is not APPROVED.
2026-09-24T15:45:23.1059476-03:00,916715be-c77e-5698-942d-0736fe0c0a61,RVT-506DF6D318E985EB,,VALIDATE,SKIPPED,Record status is not APPROVED.
2026-09-24T15:45:23.1059477-03:00,916715be-c77e-5698-942d-0736fe0c0a61,RVT-C1AB8EBAD1E23A49,,VALIDATE,SKIPPED,Record status is not APPROVED.
2026-09-24T15:45:23.1059478-03:00,916715be-c77e-5698-942d-0736fe0c0a61,RVT-8766D66A0C971871,,VALIDATE,SKIPPED,Record status is not APPROVED.
2026-09-24T15:45:23.1059479-03:00,916715be-c77e-5698-942d-0736fe0c0a61,RVT-F62E76C355D12538,,VALIDATE,SKIPPED,Record status is not APPROVED.
2026-09-24T15:45:23.1059480-03:00,916715be-c77e-5698-942d-0736fe0c0a61,RVT-AB8F492F75D386B8,,VALIDATE,SKIPPED,Record status is not APPROVED.
2026-09-24T15:45:23.1059481-03:00,916715be-c77e-5698-942d-0736fe0c0a61,RVT-5BCB637F7696C6E7,,VALIDATE,SKIPPED,Record status is not APPROVED.
2026-09-24T15:45:23.1059482-03:00,916715be-c77e-5698-942d-0736fe0c0a61,RVT-F4304E2F93CB55D1,,VALIDATE,SKIPPED,Record status is not APPROVED.
2026-09-24T15:45:23.1059483-03:00,916715be-c77e-5698-942d-0736fe0c0a61,RVT-55D6468CDC504380,,VALIDATE,SKIPPED,Record status is not APPROVED.
2026-09-24T15:45:23.1059490-03:00,916715be-c77e-5698-942d-0736fe0c0a61,RVT-951C3157178383CA,,VALIDATE,SKIPPED,Record status is not APPROVED.
2026-09-24T15:45:23.1059492-03:00,916715be-c77e-5698-942d-0736fe0c0a61,RVT-11749F18C651671C,,VALIDATE,SKIPPED,Record status is not APPROVED.
2026-09-24T15:45:23.1059493-03:00,916715be-c77e-5698-942d-0736fe0c0a61,RVT-F7DBC74881113C6F,,VALIDATE,SKIPPED,Record status is not APPROVED.
2026-09-24T15:45:23.1059494-03:00,916715be-c77e-5698-942d-0736fe0c0a61,RVT-1836A15F7B76DA25,,VALIDATE,SKIPPED,Record status is not APPROVED.
2026-09-24T15:45:23.1059495-03:00,916715be-c77e-5698-942d-0736fe0c0a61,RVT-CA14CAB901273A97,,VALIDATE,SKIPPED,Record status is not APPROVED.
2026-09-24T15:45:23.1059495-03:00,916715be-c77e-5698-942d-0736fe0c0a61,RVT-646E97248845A042,,VALIDATE,SKIPPED,Record status is not APPROVED.
2026-09-24T15:45:23.1059496-03:00,916715be-c77e-5698-942d-0736fe0c0a61,RVT-19DEE5D796060B6A,,VALIDATE,SKIPPED,Record status is not APPROVED.
2026-09-24T15:45:23.1059497-03:00,916715be-c77e-5698-942d-0736fe0c0a61,RVT-3643A85490A0AC07,,VALIDATE,SKIPPED,Record status is not APPROVED.
2026-09-24T15:45:23.1059498-03:00,916715be-c77e-5698-942d-0736fe0c0a61,RVT-F3A262797F915AE9,,VALIDATE,SKIPPED,Record status is not APPROVED.
2026-09-24T15:45:23.1059499-03:00,916715be-c77e-5698-942d-0736fe0c0a61,RVT-D73D714DC2896FB6,,VALIDATE,SKIPPED,Record status is not APPROVED.
2026-09-24T15:45:23.1059500-03:00,916715be-c77e-5698-942d-0736fe0c0a61,RVT-8CCDA134D51F9051,,VALIDATE,SKIPPED,Record status is not APPROVED.
2026-09-24T15:45:23.1059502-03:00,916715be-c77e-5698-942d-0736fe0c0a61,RVT-D899A87C8DE05A73,,VALIDATE,SKIPPED,Record status is not APPROVED.
2026-09-24T15:45:23.1059503-03:00,916715be-c77e-5698-942d-0736fe0c0a61,RVT-72EABEF0BC43C439,,VALIDATE,SKIPPED,Record status is not APPROVED.
2026-09-24T15:45:23.1059503-03:00,916715be-c77e-5698-942d-0736fe0c0a61,RVT-F40ABFF0AE86F114,,VALIDATE,SKIPPED,Record status is not APPROVED.
2026-09-24T15:45:23.1059505-03:00,916715be-c77e-5698-942d-0736fe0c0a61,RVT-DBBFBC2B73A7A68E,,VALIDATE,SKIPPED,Record status is not APPROVED.
2026-09-24T15:45:23.1059506-03:00,916715be-c77e-5698-942d-0736fe0c0a61,RVT-D4D3DE4DC0367CE9,,VALIDATE,SKIPPED,Record status is not APPROVED.
2026-09-24T15:45:23.1059507-03:00,916715be-c77e-5698-942d-0736fe0c0a61,RVT-AFF1DE99AF5197C5,,VALIDATE,SKIPPED,Record status is not APPROVED.
2026-09-24T15:45:23.1059508-03:00,916715be-c77e-5698-942d-0736fe0c0a61,RVT-0AF8105BED8E16C0,,VALIDATE,SKIPPED,Record status is not APPROVED.
2026-09-24T15:45:23.1059508-03:00,916715be-c77e-5698-942d-0736fe0c0a61,RVT-6517479AEA96BF50,,VALIDATE,SKIPPED,Record status is not APPROVED.
2026-09-24T15:45:23.1059509-03:00,916715be-c77e-5698-942d-0736fe0c0a61,RVT-A0719362410F56C1,,VALIDATE,SKIPPED,Record status is not APPROVED.
2026-09-24T15:45:23.1059510-03:00,916715be-c77e-5698-942d-0736fe0c0a61,RVT-ACB8674DA87202FA,,VALIDATE,SKIPPED,Record status is not APPROVED.
2026-09-24T15:45:23.1059511-03:00,916715be-c77e-5698-942d-0736fe0c0a61,RVT-D14A02DE2208D3AC,,VALIDATE,SKIPPED,Record status is not APPROVED.
2026-09-24T15:45:23.1059512-03:00,916715be-c77e-5698-942d-0736fe0c0a61,RVT-9DA2E774F3CA921F,,VALIDATE,SKIPPED,Record status is not APPROVED.
2026-09-24T15:45:23.1059513-03:00,916715be-c77e-5698-942d-0736fe0c0a61,RVT-2761BB8A74E66D96,,VALIDATE,SKIPPED,Record status is not APPROVED.
2026-09-24T15:45:23.1059514-03:00,916715be-c77e-5698-942d-0736fe0c0a61,RVT-BD41128FD0EA19E9,,VALIDATE,SKIPPED,Record status is not APPROVED.
2026-09-24T15:45:23.1059515-03:00,916715be-c77e-5698-942d-0736fe0c0a61,RVT-36D29B81DB72518D,,VALIDATE,SKIPPED,Record status is not APPROVED.
2026-09-24T15:45:23.1059517-03:00,916715be-c77e-5698-942d-0736fe0c0a61,RVT-97725D891F0A72BD,,VALIDATE,SKIPPED,Record status is not APPROVED.
2026-09-24T15:45:23.1059518-03:00,916715be-c77e-5698-942d-0736fe0c0a61,RVT-243BE205DA2974FE,,VALIDATE,SKIPPED,Record status is not APPROVED.
2026-09-24T15:45:23.1059519-03:00,916715be-c77e-5698-942d-0736fe0c0a61,RVT-8D2B6E2831FE0916,,VALIDATE,SKIPPED,Record status is not APPROVED.
2026-09-24T15:45:23.1059520-03:00,916715be-c77e-5698-942d-0736fe0c0a61,RVT-5B2150125BD83C55,,VALIDATE,SKIPPED,Record status is not APPROVED.
2026-09-24T15:45:23.1059521-03:00,916715be-c77e-5698-942d-0736fe0c0a61,RVT-96CD976A4FC8BFC5,,VALIDATE,SKIPPED,Record status is not APPROVED.
2026-09-24T15:45:23.1059522-03:00,916715be-c77e-5698-942d-0736fe0c0a61,RVT-B01EFFA0756DCB0B,,VALIDATE,SKIPPED,Record status is not APPROVED.
2026-09-24T15:45:23.1059523-03:00,916715be-c77e-5698-942d-0736fe0c0a61,RVT-5CEFDE7BDF64D3AC,,VALIDATE,SKIPPED,Record status is not APPROVED.
2026-09-24T15:45:23.1059524-03:00,916715be-c77e-5698-942d-0736fe0c0a61,RVT-3347B3389CE785AA,,VALIDATE,SKIPPED,Record status is not APPROVED.
2026-09-24T15:45:23.1059525-03:00,916715be-c77e-5698-942d-0736fe0c0a61,RVT-13E0E8E004952546,,VALIDATE,SKIPPED,Record status is not APPROVED.
2026-09-24T15:45:23.1059526-03:00,916715be-c77e-5698-942d-0736fe0c0a61,RVT-B9C8F4DC6C8745F7,,VALIDATE,SKIPPED,Record status is not APPROVED.
2026-09-24T15:45:23.1059527-03:00,916715be-c77e-5698-942d-0736fe0c0a61,RVT-3992A064FF7B03C6,,VALIDATE,SKIPPED,Record status is not APPROVED.
2026-09-24T15:45:23.1059528-03:00,916715be-c77e-5698-942d-0736fe0c0a61,RVT-C45E5B3A68DC52A5,,VALIDATE,SKIPPED,Record status is not APPROVED.
2026-09-24T15:45:23.1059529-03:00,916715be-c77e-5698-942d-0736fe0c0a61,RVT-9FEADF6E590C9820,,VALIDATE,SKIPPED,Record status is not APPROVED.
2026-09-24T15:45:23.1059530-03:00,916715be-c77e-5698-942d-0736fe0c0a61,RVT-6F175ED92DCE6932,,VALIDATE,SKIPPED,Record status is not APPROVED.
2026-09-24T15:45:23.1059531-03:00,916715be-c77e-5698-942d-0736fe0c0a61,RVT-5815D07EF800EBF5,,VALIDATE,SKIPPED,Record status is not APPROVED.
2026-09-24T15:45:23.1059532-03:00,916715be-c77e-5698-942d-0736fe0c0a61,RVT-6282DD80A29D4FFB,,VALIDATE,SKIPPED,Record status is not APPROVED.
2026-09-24T15:45:23.1059533-03:00,916715be-c77e-5698-942d-0736fe0c0a61,RVT-EBD10FFA60E2B5E1,,VALIDATE,SKIPPED,Record status is not APPROVED.
2026-09-24T15:45:23.1059534-03:00,916715be-c77e-5698-942d-0736fe0c0a61,RVT-DBD502C36392D709,,VALIDATE,SKIPPED,Record status is not APPROVED.
2026-09-24T15:45:23.1059535-03:00,916715be-c77e-5698-942d-0736fe0c0a61,RVT-9EB88BCE1DEED418,,VALIDATE,SKIPPED,Record status is not APPROVED.
2026-09-24T15:45:23.1059536-03:00,916715be-c77e-5698-942d-0736fe0c0a61,RVT-EECBCF3863205BC2,,VALIDATE,SKIPPED,Record status is not APPROVED.
2026-09-24T15:45:23.1059537-03:00,916715be-c77e-5698-942d-0736fe0c0a61,RVT-D8B216B4B7438753,,VALIDATE,SKIPPED,Record status is not APPROVED.
2026-09-24T15:45:23.1059539-03:00,916715be-c77e-5698-942d-0736fe0c0a61,RVT-2F5AFA835DD17536,,VALIDATE,SKIPPED,Record status is not APPROVED.
2026-09-24T15:45:23.1059540-03:00,916715be-c77e-5698-942d-0736fe0c0a61,RVT-DF3B21B452C4BD7A,,VALIDATE,SKIPPED,Record status is not APPROVED.
2026-09-24T15:45:23.1059541-03:00,916715be-c77e-5698-942d-0736fe0c0a61,RVT-4D4EC2113029C55E,,VALIDATE,SKIPPED,Record status is not APPROVED.
2026-09-24T15:45:23.1059542-03:00,916715be-c77e-5698-942d-0736fe0c0a61,RVT-30F7385951B1FB82,,VALIDATE,SKIPPED,Record status is not APPROVED.
2026-09-24T15:45:23.1059543-03:00,916715be-c77e-5698-942d-0736fe0c0a61,RVT-150BA4A619040A74,,VALIDATE,SKIPPED,Record status is not APPROVED.
2026-09-24T15:45:23.1059544-03:00,916715be-c77e-5698-942d-0736fe0c0a61,RVT-4F3A9715815BA180,,VALIDATE,SKIPPED,Record status is not APPROVED.
2026-09-24T15:45:23.1059546-03:00,916715be-c77e-5698-942d-0736fe0c0a61,RVT-232A7C2CF37B0F2D,,VALIDATE,SKIPPED,Record status is not APPROVED.
2026-09-24T15:45:23.1059547-03:00,916715be-c77e-5698-942d-0736fe0c0a61,RVT-D7687B492B7F3B78,,VALIDATE,SKIPPED,Record status is not APPROVED.
2026-09-24T15:45:23.1059548-03:00,916715be-c77e-5698-942d-0736fe0c0a61,RVT-BAFDABF07DB16ED8,,VALIDATE,SKIPPED,Record status is not APPROVED.
2026-09-24T15:45:23.1059549-03:00,916715be-c77e-5698-942d-0736fe0c0a61,RVT-346421859AABA743,,VALIDATE,SKIPPED,Record status is not APPROVED.
2026-09-24T15:45:23.1059550-03:00,916715be-c77e-5698-942d-0736fe0c0a61,RVT-9B8E700E32EAC00D,,VALIDATE,SKIPPED,Record status is not APPROVED.
2026-09-24T15:45:23.1059553-03:00,916715be-c77e-5698-942d-0736fe0c0a61,RVT-08C51A461F0FDBB7,,VALIDATE,SKIPPED,Record status is not APPROVED.
2026-09-24T15:45:23.1059554-03:00,916715be-c77e-5698-942d-0736fe0c0a61,RVT-461B032022595740,,VALIDATE,SKIPPED,Record status is not APPROVED.
2026-09-24T15:45:23.1059555-03:00,916715be-c77e-5698-942d-0736fe0c0a61,RVT-278B80072F45C83D,,VALIDATE,SKIPPED,Record status is not APPROVED.
2026-09-24T15:45:23.1059557-03:00,916715be-c77e-5698-942d-0736fe0c0a61,RVT-01A4A3981863B933,,VALIDATE,SKIPPED,Record status is not APPROVED.
2026-09-24T15:45:23.1059558-03:00,916715be-c77e-5698-942d-0736fe0c0a61,RVT-090EA5DDA76D7167,,VALIDATE,SKIPPED,Record status is not APPROVED.
2026-09-24T15:45:23.1059559-03:00,916715be-c77e-5698-942d-0736fe0c0a61,RVT-9042EAC22B9F6828,,VALIDATE,SKIPPED,Record status is not APPROVED.
2026-09-24T15:45:23.1059560-03:00,916715be-c77e-5698-942d-0736fe0c0a61,RVT-9042272A2C31B708,,VALIDATE,SKIPPED,Record status is not APPROVED.
2026-09-24T15:45:23.1059561-03:00,916715be-c77e-5698-942d-0736fe0c0a61,RVT-CC51638B1F1A0659,,VALIDATE,SKIPPED,Record status is not APPROVED.
2026-09-24T15:45:23.1059562-03:00,916715be-c77e-5698-942d-0736fe0c0a61,RVT-ED2052C9EBF03356,,VALIDATE,SKIPPED,Record status is not APPROVED.
2026-09-24T15:45:23.1059563-03:00,916715be-c77e-5698-942d-0736fe0c0a61,RVT-09485FE19BE15A38,,VALIDATE,SKIPPED,Record status is not APPROVED.
2026-09-24T15:45:23.1059564-03:00,916715be-c77e-5698-942d-0736fe0c0a61,RVT-60858E3AAE9FA69A,,VALIDATE,SKIPPED,Record status is not APPROVED.
2026-09-24T15:45:23.1059565-03:00,916715be-c77e-5698-942d-0736fe0c0a61,RVT-B9A8C529E902AFC6,,VALIDATE,SKIPPED,Record status is not APPROVED.
2026-09-24T15:45:23.1059567-03:00,916715be-c77e-5698-942d-0736fe0c0a61,RVT-53D4C673652E64A5,,VALIDATE,SKIPPED,Record status is not APPROVED.
2026-09-24T15:45:23.1059568-03:00,916715be-c77e-5698-942d-0736fe0c0a61,RVT-3CF531F2A873A090,,VALIDATE,SKIPPED,Record status is not APPROVED.
2026-09-24T15:45:23.1059569-03:00,916715be-c77e-5698-942d-0736fe0c0a61,RVT-D8214158E9926ED2,,VALIDATE,SKIPPED,Record status is not APPROVED.
2026-09-24T15:45:23.1059570-03:00,916715be-c77e-5698-942d-0736fe0c0a61,RVT-DC1873DFEA23E97D,,VALIDATE,SKIPPED,Record status is not APPROVED.
2026-09-24T15:45:23.1059571-03:00,916715be-c77e-5698-942d-0736fe0c0a61,RVT-435F749FEF3EFAA8,,VALIDATE,SKIPPED,Record status is not APPROVED.
2026-09-24T15:45:23.1059572-03:00,916715be-c77e-5698-942d-0736fe0c0a61,RVT-F7211FAA9F49B17C,,VALIDATE,SKIPPED,Record status is not APPROVED.
2026-09-24T15:45:23.1059572-03:00,916715be-c77e-5698-942d-0736fe0c0a61,RVT-65B28BF8CA616F78,,VALIDATE,SKIPPED,Record status is not APPROVED.
2026-09-24T15:45:23.1059573-03:00,916715be-c77e-5698-942d-0736fe0c0a61,RVT-CE79C291622BA5CA,,VALIDATE,SKIPPED,Record status is not APPROVED.
2026-09-24T15:45:23.1059575-03:00,916715be-c77e-5698-942d-0736fe0c0a61,RVT-8D2688C45AC0E28C,,VALIDATE,SKIPPED,Record status is not APPROVED.
2026-09-24T15:45:23.1059576-03:00,916715be-c77e-5698-942d-0736fe0c0a61,RVT-EDA148104EB3D58C,,VALIDATE,SKIPPED,Record status is not APPROVED.
2026-09-24T15:45:23.1059577-03:00,916715be-c77e-5698-942d-0736fe0c0a61,RVT-8C61BC0503A4F24C,,VALIDATE,SKIPPED,Record status is not APPROVED.
2026-09-24T15:45:23.1059578-03:00,916715be-c77e-5698-942d-0736fe0c0a61,RVT-E4082FC97B8EF66D,,VALIDATE,SKIPPED,Record status is not APPROVED.
2026-09-24T15:45:23.1059579-03:00,916715be-c77e-5698-942d-0736fe0c0a61,RVT-2DEA51B52D512EE2,,VALIDATE,SKIPPED,Record status is not APPROVED.
2026-09-24T15:45:23.1059580-03:00,916715be-c77e-5698-942d-0736fe0c0a61,RVT-361C68A09A9AACB7,,VALIDATE,SKIPPED,Record status is not APPROVED.
2026-09-24T15:45:23.1059582-03:00,916715be-c77e-5698-942d-0736fe0c0a61,RVT-C9ED0E179E446DF6,,VALIDATE,SKIPPED,Record status is not APPROVED.
2026-09-24T15:45:23.1059583-03:00,916715be-c77e-5698-942d-0736fe0c0a61,RVT-9EE4EF01E2B616C6,,VALIDATE,SKIPPED,Record status is not APPROVED.
2026-09-24T15:45:23.1059584-03:00,916715be-c77e-5698-942d-0736fe0c0a61,RVT-EAFB54D64266936F,,VALIDATE,SKIPPED,Record status is not APPROVED.
2026-09-24T15:45:23.1059584-03:00,916715be-c77e-5698-942d-0736fe0c0a61,RVT-73C1FE00F9E7B35F,,VALIDATE,SKIPPED,Record status is not APPROVED.
2026-09-24T15:45:23.1059585-03:00,916715be-c77e-5698-942d-0736fe0c0a61,RVT-2553218FF9BB7DEE,,VALIDATE,SKIPPED,Record status is not APPROVED.
2026-09-24T15:45:23.1059587-03:00,916715be-c77e-5698-942d-0736fe0c0a61,RVT-B399095A34FA61EC,,VALIDATE,SKIPPED,Record status is not APPROVED.
2026-09-24T15:45:23.1059588-03:00,916715be-c77e-5698-942d-0736fe0c0a61,RVT-30E0BC0FB6D11EFF,,VALIDATE,SKIPPED,Record status is not APPROVED.
2026-09-24T15:45:23.1059589-03:00,916715be-c77e-5698-942d-0736fe0c0a61,RVT-A32F3D225487DA4E,,VALIDATE,SKIPPED,Record status is not APPROVED.
2026-09-24T15:45:23.1059590-03:00,916715be-c77e-5698-942d-0736fe0c0a61,RVT-414B6F7A1829ECDB,,VALIDATE,SKIPPED,Record status is not APPROVED.
2026-09-24T15:45:23.1059591-03:00,916715be-c77e-5698-942d-0736fe0c0a61,RVT-AF4EEF19993895A1,,VALIDATE,SKIPPED,Record status is not APPROVED.
2026-09-24T15:45:23.1059592-03:00,916715be-c77e-5698-942d-0736fe0c0a61,RVT-AAA952CC73220E9A,,VALIDATE,SKIPPED,Record status is not APPROVED.
2026-09-24T15:45:23.1059593-03:00,916715be-c77e-5698-942d-0736fe0c0a61,RVT-1843D5B5CFF5B5C8,,VALIDATE,SKIPPED,Record status is not APPROVED.
2026-09-24T15:45:23.1059594-03:00,916715be-c77e-5698-942d-0736fe0c0a61,RVT-442A8F853283E650,,VALIDATE,SKIPPED,Record status is not APPROVED.
2026-09-24T15:45:23.1059596-03:00,916715be-c77e-5698-942d-0736fe0c0a61,RVT-E2DAFF6069589FA9,,VALIDATE,SKIPPED,Record status is not APPROVED.
2026-09-24T15:45:23.1059597-03:00,916715be-c77e-5698-942d-0736fe0c0a61,RVT-CEE1317A6F1D3859,,VALIDATE,SKIPPED,Record status is not APPROVED.
2026-09-24T15:45:23.1059598-03:00,916715be-c77e-5698-942d-0736fe0c0a61,RVT-82E195EB16341646,,VALIDATE,SKIPPED,Record status is not APPROVED.
2026-09-24T15:45:23.1059599-03:00,916715be-c77e-5698-942d-0736fe0c0a61,RVT-3F7948A38742D637,,VALIDATE,SKIPPED,Record status is not APPROVED.
2026-09-24T15:45:23.1059600-03:00,916715be-c77e-5698-942d-0736fe0c0a61,RVT-94E641AE288F2499,,VALIDATE,SKIPPED,Record status is not APPROVED.
2026-09-24T15:45:23.1059601-03:00,916715be-c77e-5698-942d-0736fe0c0a61,RVT-DBC761E63BC08CE4,,VALIDATE,SKIPPED,Record status is not APPROVED.
2026-09-24T15:45:23.1059602-03:00,916715be-c77e-5698-942d-0736fe0c0a61,RVT-A0A0E1FE22541E7D,,VALIDATE,SKIPPED,Record status is not APPROVED.
2026-09-24T15:45:23.1059603-03:00,916715be-c77e-5698-942d-0736fe0c0a61,RVT-DB7E2D37F1C6C938,,VALIDATE,SKIPPED,Record status is not APPROVED.
2026-09-24T15:45:23.1059605-03:00,916715be-c77e-5698-942d-0736fe0c0a61,RVT-8249B7DC97516626,,VALIDATE,SKIPPED,Record status is not APPROVED.
2026-09-24T15:45:23.1059606-03:00,916715be-c77e-5698-942d-0736fe0c0a61,RVT-2EC6C1394F739FD1,,VALIDATE,SKIPPED,Record status is not APPROVED.
2026-09-24T15:45:23.1059606-03:00,916715be-c77e-5698-942d-0736fe0c0a61,RVT-ABEBC46C13A18D99,,VALIDATE,SKIPPED,Record status is not APPROVED.
2026-09-24T15:45:23.1059608-03:00,916715be-c77e-5698-942d-0736fe0c0a61,RVT-9CB77EC019EC854A,,VALIDATE,SKIPPED,Record status is not APPROVED.
2026-09-24T15:45:23.1059609-03:00,916715be-c77e-5698-942d-0736fe0c0a61,RVT-D0857037F97B50B4,,VALIDATE,SKIPPED,Record status is not APPROVED.
2026-09-24T15:45:23.1059610-03:00,916715be-c77e-5698-942d-0736fe0c0a61,RVT-A486F6ED3EE0671A,,VALIDATE,SKIPPED,Record status is not APPROVED.
2026-09-24T15:45:23.1059611-03:00,916715be-c77e-5698-942d-0736fe0c0a61,RVT-BB0A05A0CDD4DFA5,,VALIDATE,SKIPPED,Record status is not APPROVED.
2026-09-24T15:45:23.1059612-03:00,916715be-c77e-5698-942d-0736fe0c0a61,RVT-B1DBC52E006CA9F4,,VALIDATE,SKIPPED,Record status is not APPROVED.
2026-09-24T15:45:23.1059613-03:00,916715be-c77e-5698-942d-0736fe0c0a61,RVT-B9FC724FBEE58BC3,,VALIDATE,SKIPPED,Record status is not APPROVED.
2026-09-24T15:45:23.1059614-03:00,916715be-c77e-5698-942d-0736fe0c0a61,RVT-3B8E27EA1F33F168,,VALIDATE,SKIPPED,Record status is not APPROVED.
2026-09-24T15:45:23.1059615-03:00,916715be-c77e-5698-942d-0736fe0c0a61,RVT-F241A1CB199F7F3A,,VALIDATE,SKIPPED,Record status is not APPROVED.
2026-09-24T15:45:23.1059616-03:00,916715be-c77e-5698-942d-0736fe0c0a61,RVT-EEB0BCF8188C1334,,VALIDATE,SKIPPED,Record status is not APPROVED.
2026-09-24T15:45:23.1059617-03:00,916715be-c77e-5698-942d-0736fe0c0a61,RVT-20F4C529AA6C8966,,VALIDATE,SKIPPED,Record status is not APPROVED.
2026-09-24T15:45:23.1059618-03:00,916715be-c77e-5698-942d-0736fe0c0a61,RVT-40FD6AA83D9440A3,,VALIDATE,SKIPPED,Record status is not APPROVED.
2026-09-24T15:45:23.1059619-03:00,916715be-c77e-5698-942d-0736fe0c0a61,RVT-C5B31B8DCDEE6272,,VALIDATE,SKIPPED,Record status is not APPROVED.
2026-09-24T15:45:23.1059620-03:00,916715be-c77e-5698-942d-0736fe0c0a61,RVT-A872DF62EE490F31,,VALIDATE,SKIPPED,Record status is not APPROVED.
2026-09-24T15:45:23.1059621-03:00,916715be-c77e-5698-942d-0736fe0c0a61,RVT-EB875E23457FAB22,,VALIDATE,SKIPPED,Record status is not APPROVED.
2026-09-24T15:45:23.1059622-03:00,916715be-c77e-5698-942d-0736fe0c0a61,RVT-50E02F02C92B0F53,,VALIDATE,SKIPPED,Record status is not APPROVED.
2026-09-24T15:45:23.1059623-03:00,916715be-c77e-5698-942d-0736fe0c0a61,RVT-9D3F30F9F237C2C5,,VALIDATE,SKIPPED,Record status is not APPROVED.
2026-09-24T15:45:23.1059624-03:00,916715be-c77e-5698-942d-0736fe0c0a61,RVT-530408B8BCE660DF,,VALIDATE,SKIPPED,Record status is not APPROVED.
2026-09-24T15:45:23.1059626-03:00,916715be-c77e-5698-942d-0736fe0c0a61,RVT-1BF841D0267434EF,,VALIDATE,SKIPPED,Record status is not APPROVED.
2026-09-24T15:45:23.1059626-03:00,916715be-c77e-5698-942d-0736fe0c0a61,RVT-7BF76E57A0685C49,,VALIDATE,SKIPPED,Record status is not APPROVED.
2026-09-24T15:45:23.1059627-03:00,916715be-c77e-5698-942d-0736fe0c0a61,RVT-95668012DC1BDC4C,,VALIDATE,SKIPPED,Record status is not APPROVED.
2026-09-24T15:45:23.1059636-03:00,916715be-c77e-5698-942d-0736fe0c0a61,RVT-1D0DD0B489D25173,,VALIDATE,SKIPPED,Record status is not APPROVED.
2026-09-24T15:45:23.1059638-03:00,916715be-c77e-5698-942d-0736fe0c0a61,RVT-2E4C2E1F139727E4,,VALIDATE,SKIPPED,Record status is not APPROVED.
2026-09-24T15:45:23.1059639-03:00,916715be-c77e-5698-942d-0736fe0c0a61,RVT-23E8962FFE4FF878,,VALIDATE,SKIPPED,Record status is not APPROVED.
2026-09-24T15:45:23.1059640-03:00,916715be-c77e-5698-942d-0736fe0c0a61,RVT-8AD51FA0A4522885,,VALIDATE,SKIPPED,Record status is not APPROVED.
2026-09-24T15:45:23.1059640-03:00,916715be-c77e-5698-942d-0736fe0c0a61,RVT-A9988442D9015AF1,,VALIDATE,SKIPPED,Record status is not APPROVED.
2026-09-24T15:45:23.1059642-03:00,916715be-c77e-5698-942d-0736fe0c0a61,RVT-67A76954F0828A9A,,VALIDATE,SKIPPED,Record status is not APPROVED.
2026-09-24T15:45:23.1059644-03:00,916715be-c77e-5698-942d-0736fe0c0a61,RVT-764673270A1017E6,,VALIDATE,SKIPPED,Record status is not APPROVED.
2026-09-24T15:45:23.1059645-03:00,916715be-c77e-5698-942d-0736fe0c0a61,RVT-7AA1D6454C54C3F4,,VALIDATE,SKIPPED,Record status is not APPROVED.
2026-09-24T15:45:23.1059646-03:00,916715be-c77e-5698-942d-0736fe0c0a61,RVT-10DC98F545878479,,VALIDATE,SKIPPED,Record status is not APPROVED.
2026-09-24T15:45:23.1059647-03:00,916715be-c77e-5698-942d-0736fe0c0a61,RVT-800A1BE26A8EAF65,,VALIDATE,SKIPPED,Record status is not APPROVED.
2026-09-24T15:45:23.1059648-03:00,916715be-c77e-5698-942d-0736fe0c0a61,RVT-BC36CD8DE06B863D,,VALIDATE,SKIPPED,Record status is not APPROVED.
2026-09-24T15:45:23.1059649-03:00,916715be-c77e-5698-942d-0736fe0c0a61,RVT-D554184046216ADC,,VALIDATE,SKIPPED,Record status is not APPROVED.
2026-09-24T15:45:23.1059650-03:00,916715be-c77e-5698-942d-0736fe0c0a61,RVT-6CED61482663B804,,VALIDATE,SKIPPED,Record status is not APPROVED.
2026-09-24T15:45:23.1059651-03:00,916715be-c77e-5698-942d-0736fe0c0a61,RVT-12DADAA81605AD9D,,VALIDATE,SKIPPED,Record status is not APPROVED.
2026-09-24T15:45:23.1059653-03:00,916715be-c77e-5698-942d-0736fe0c0a61,RVT-EC46199E0DE1AEE9,,VALIDATE,SKIPPED,Record status is not APPROVED.
2026-09-24T15:45:23.1059654-03:00,916715be-c77e-5698-942d-0736fe0c0a61,RVT-9A8DEB0ABFC1FD4A,,VALIDATE,SKIPPED,Record status is not APPROVED.
2026-09-24T15:45:23.1059655-03:00,916715be-c77e-5698-942d-0736fe0c0a61,RVT-74DF38235E6CC0C9,,VALIDATE,SKIPPED,Record status is not APPROVED.
2026-09-24T15:45:23.1059656-03:00,916715be-c77e-5698-942d-0736fe0c0a61,RVT-C7593E40EBEA5E41,,VALIDATE,SKIPPED,Record status is not APPROVED.
2026-09-24T15:45:23.1059658-03:00,916715be-c77e-5698-942d-0736fe0c0a61,RVT-F4E612F6F87BE3BE,,VALIDATE,SKIPPED,Record status is not APPROVED.
2026-09-24T15:45:23.1059658-03:00,916715be-c77e-5698-942d-0736fe0c0a61,RVT-B470FFEF7CC58514,,VALIDATE,SKIPPED,Record status is not APPROVED.
2026-09-24T15:45:23.1059659-03:00,916715be-c77e-5698-942d-0736fe0c0a61,RVT-5ED9E5AC7C861BD4,,VALIDATE,SKIPPED,Record status is not APPROVED.
2026-09-24T15:45:23.1059661-03:00,916715be-c77e-5698-942d-0736fe0c0a61,RVT-2499289B3871DFB8,,VALIDATE,SKIPPED,Record status is not APPROVED.
2026-09-24T15:45:23.1059662-03:00,916715be-c77e-5698-942d-0736fe0c0a61,RVT-CA593D0376DC55A9,,VALIDATE,SKIPPED,Record status is not APPROVED.
2026-09-24T15:45:23.1059662-03:00,916715be-c77e-5698-942d-0736fe0c0a61,RVT-CD4F5204509B923F,,VALIDATE,SKIPPED,Record status is not APPROVED.
2026-09-24T15:45:23.1059664-03:00,916715be-c77e-5698-942d-0736fe0c0a61,RVT-C4D256E469CD5B83,,VALIDATE,SKIPPED,Record status is not APPROVED.
2026-09-24T15:45:23.1059664-03:00,916715be-c77e-5698-942d-0736fe0c0a61,RVT-FE57EB950EE837C6,,VALIDATE,SKIPPED,Record status is not APPROVED.
2026-09-24T15:45:23.1059665-03:00,916715be-c77e-5698-942d-0736fe0c0a61,RVT-6DC02C6E6DF20635,,VALIDATE,SKIPPED,Record status is not APPROVED.
2026-09-24T15:45:23.1059666-03:00,916715be-c77e-5698-942d-0736fe0c0a61,RVT-770C134D0C0E6D17,,VALIDATE,SKIPPED,Record status is not APPROVED.
2026-09-24T15:45:23.1059668-03:00,916715be-c77e-5698-942d-0736fe0c0a61,RVT-944F9EC50A26B6E2,,VALIDATE,SKIPPED,Record status is not APPROVED.
2026-09-24T15:45:23.1059669-03:00,916715be-c77e-5698-942d-0736fe0c0a61,RVT-BBE5193BB2FAF3B1,,VALIDATE,SKIPPED,Record status is not APPROVED.
2026-09-24T15:45:23.1059670-03:00,916715be-c77e-5698-942d-0736fe0c0a61,RVT-89FA1C6C1DA9F04A,,VALIDATE,SKIPPED,Record status is not APPROVED.
2026-09-24T15:45:23.1059671-03:00,916715be-c77e-5698-942d-0736fe0c0a61,RVT-076810FB2343DD89,,VALIDATE,SKIPPED,Record status is not APPROVED.
2026-09-24T15:45:23.1059671-03:00,916715be-c77e-5698-942d-0736fe0c0a61,RVT-728EB01DD0D6BD70,,VALIDATE,SKIPPED,Record status is not APPROVED.
2026-09-24T15:45:23.1059672-03:00,916715be-c77e-5698-942d-0736fe0c0a61,RVT-595C7C90E9051368,,VALIDATE,SKIPPED,Record status is not APPROVED.
2026-09-24T15:45:23.1059673-03:00,916715be-c77e-5698-942d-0736fe0c0a61,RVT-62696BD6DD4D6312,,VALIDATE,SKIPPED,Record status is not APPROVED.
2026-09-24T15:45:23.1059674-03:00,916715be-c77e-5698-942d-0736fe0c0a61,RVT-763E7DC1F8AB9B7A,,VALIDATE,SKIPPED,Record status is not APPROVED.
2026-09-24T15:45:23.1059675-03:00,916715be-c77e-5698-942d-0736fe0c0a61,RVT-0D03FC238B4AFCF3,,VALIDATE,SKIPPED,Record status is not APPROVED.
2026-09-24T15:45:23.1059676-03:00,916715be-c77e-5698-942d-0736fe0c0a61,RVT-A40BE751C81A012F,,VALIDATE,SKIPPED,Record status is not APPROVED.
2026-09-24T15:45:23.1059677-03:00,916715be-c77e-5698-942d-0736fe0c0a61,RVT-CF39568F6FE597FF,,VALIDATE,SKIPPED,Record status is not APPROVED.
2026-09-24T15:45:23.1059678-03:00,916715be-c77e-5698-942d-0736fe0c0a61,RVT-995F34BF02EB4654,,VALIDATE,SKIPPED,Record status is not APPROVED.
2026-09-24T15:45:23.1059680-03:00,916715be-c77e-5698-942d-0736fe0c0a61,RVT-C379AEEB3ADC81E2,,VALIDATE,SKIPPED,Record status is not APPROVED.
2026-09-24T15:45:23.1059681-03:00,916715be-c77e-5698-942d-0736fe0c0a61,RVT-EED35187F6CF3325,,VALIDATE,SKIPPED,Record status is not APPROVED.
2026-09-24T15:45:23.1059682-03:00,916715be-c77e-5698-942d-0736fe0c0a61,RVT-223DA13A4D9BDCB2,,VALIDATE,SKIPPED,Record status is not APPROVED.
2026-09-24T15:45:23.1059684-03:00,916715be-c77e-5698-942d-0736fe0c0a61,RVT-F2F49118C4F147A5,,VALIDATE,SKIPPED,Record status is not APPROVED.
2026-09-24T15:45:23.1059685-03:00,916715be-c77e-5698-942d-0736fe0c0a61,RVT-AA81AD33584C6C7B,,VALIDATE,SKIPPED,Record status is not APPROVED.
2026-09-24T15:45:23.1059686-03:00,916715be-c77e-5698-942d-0736fe0c0a61,RVT-D8013C72CF6B8B20,,VALIDATE,SKIPPED,Record status is not APPROVED.
2026-09-24T15:45:23.1059689-03:00,916715be-c77e-5698-942d-0736fe0c0a61,RVT-61E527F48E7F4036,,VALIDATE,SKIPPED,Record status is not APPROVED.
2026-09-24T15:45:23.1059690-03:00,916715be-c77e-5698-942d-0736fe0c0a61,RVT-7E2423AD859ABD30,,VALIDATE,SKIPPED,Record status is not APPROVED.
2026-09-24T15:45:23.1059691-03:00,916715be-c77e-5698-942d-0736fe0c0a61,RVT-F5FAB9413ADCA5C2,,VALIDATE,SKIPPED,Record status is not APPROVED.
2026-09-24T15:45:23.1059692-03:00,916715be-c77e-5698-942d-0736fe0c0a61,RVT-AB38F7B8B9E3C052,,VALIDATE,SKIPPED,Record status is not APPROVED.
2026-09-24T15:45:23.1059693-03:00,916715be-c77e-5698-942d-0736fe0c0a61,RVT-303D67F961921107,,VALIDATE,SKIPPED,Record status is not APPROVED.
2026-09-24T15:45:23.1059694-03:00,916715be-c77e-5698-942d-0736fe0c0a61,RVT-BCCECC454D63A39B,,VALIDATE,SKIPPED,Record status is not APPROVED.
2026-09-24T15:45:23.1059695-03:00,916715be-c77e-5698-942d-0736fe0c0a61,RVT-9BECC2695195CA44,,VALIDATE,SKIPPED,Record status is not APPROVED.
2026-09-24T15:45:23.1059696-03:00,916715be-c77e-5698-942d-0736fe0c0a61,RVT-873146FC6C84F91A,,VALIDATE,SKIPPED,Record status is not APPROVED.
2026-09-24T15:45:23.1059698-03:00,916715be-c77e-5698-942d-0736fe0c0a61,RVT-0FCBB58F4EF235EE,,VALIDATE,SKIPPED,Record status is not APPROVED.
2026-09-24T15:45:23.1059699-03:00,916715be-c77e-5698-942d-0736fe0c0a61,RVT-DC92129D49ECA8E2,,VALIDATE,SKIPPED,Record status is not APPROVED.
2026-09-24T15:45:23.1059700-03:00,916715be-c77e-5698-942d-0736fe0c0a61,RVT-F67D57DEBB21BC86,,VALIDATE,SKIPPED,Record status is not APPROVED.
2026-09-24T15:45:23.1059701-03:00,916715be-c77e-5698-942d-0736fe0c0a61,RVT-59B01602FED5A00B,,VALIDATE,SKIPPED,Record status is not APPROVED.
2026-09-24T15:45:23.1059701-03:00,916715be-c77e-5698-942d-0736fe0c0a61,RVT-DFC752FE2A0DC603,,VALIDATE,SKIPPED,Record status is not APPROVED.
2026-09-24T15:45:23.1059703-03:00,916715be-c77e-5698-942d-0736fe0c0a61,RVT-61C3BA80EC2A5725,,VALIDATE,SKIPPED,Record status is not APPROVED.
2026-09-24T15:45:23.1059704-03:00,916715be-c77e-5698-942d-0736fe0c0a61,RVT-F71A8D1AF4F5D0A5,,VALIDATE,SKIPPED,Record status is not APPROVED.
2026-09-24T15:45:23.1059705-03:00,916715be-c77e-5698-942d-0736fe0c0a61,RVT-7331A638C1B59C58,,VALIDATE,SKIPPED,Record status is not APPROVED.
2026-09-24T15:45:23.1059706-03:00,916715be-c77e-5698-942d-0736fe0c0a61,RVT-9552E97F346F89D7,,VALIDATE,SKIPPED,Record status is not APPROVED.
2026-09-24T15:45:23.1059707-03:00,916715be-c77e-5698-942d-0736fe0c0a61,RVT-F73BE3B7505DBAF0,,VALIDATE,SKIPPED,Record status is not APPROVED.
2026-09-24T15:45:23.1059708-03:00,916715be-c77e-5698-942d-0736fe0c0a61,RVT-2DBBE33F42F0E488,,VALIDATE,SKIPPED,Record status is not APPROVED.
2026-09-24T15:45:23.1059709-03:00,916715be-c77e-5698-942d-0736fe0c0a61,RVT-E550EDA2C80ACEE9,,VALIDATE,SKIPPED,Record status is not APPROVED.
2026-09-24T15:45:23.1059710-03:00,916715be-c77e-5698-942d-0736fe0c0a61,RVT-007A20BA9021182C,,VALIDATE,SKIPPED,Record status is not APPROVED.
2026-09-24T15:45:23.1059711-03:00,916715be-c77e-5698-942d-0736fe0c0a61,RVT-656F278168705803,,VALIDATE,SKIPPED,Record status is not APPROVED.
2026-09-24T15:45:23.1059712-03:00,916715be-c77e-5698-942d-0736fe0c0a61,RVT-320F595DD984EC95,,VALIDATE,SKIPPED,Record status is not APPROVED.
2026-09-24T15:45:23.1059713-03:00,916715be-c77e-5698-942d-0736fe0c0a61,RVT-2C177ED6165DC0C5,,VALIDATE,SKIPPED,Record status is not APPROVED.
2026-09-24T15:45:23.1059714-03:00,916715be-c77e-5698-942d-0736fe0c0a61,RVT-1E0B386E1FE01959,,VALIDATE,SKIPPED,Record status is not APPROVED.
2026-09-24T15:45:23.1059716-03:00,916715be-c77e-5698-942d-0736fe0c0a61,RVT-B925E9A04C07D474,,VALIDATE,SKIPPED,Record status is not APPROVED.
2026-09-24T15:45:23.1059717-03:00,916715be-c77e-5698-942d-0736fe0c0a61,RVT-3A7EEC23124E778A,,VALIDATE,SKIPPED,Record status is not APPROVED.
2026-09-24T15:45:23.1059718-03:00,916715be-c77e-5698-942d-0736fe0c0a61,RVT-EFC746C86061F0DF,,VALIDATE,SKIPPED,Record status is not APPROVED.
2026-09-24T15:45:23.1059718-03:00,916715be-c77e-5698-942d-0736fe0c0a61,RVT-3307CE81CF161F69,,VALIDATE,SKIPPED,Record status is not APPROVED.
2026-09-24T15:45:23.1059719-03:00,916715be-c77e-5698-942d-0736fe0c0a61,RVT-5BEE4AF6451510DE,,VALIDATE,SKIPPED,Record status is not APPROVED.
2026-09-24T15:45:23.1059721-03:00,916715be-c77e-5698-942d-0736fe0c0a61,RVT-03B47648E0DB7DEE,,VALIDATE,SKIPPED,Record status is not APPROVED.
2026-09-24T15:45:23.1059722-03:00,916715be-c77e-5698-942d-0736fe0c0a61,RVT-BDCADD27528788B7,,VALIDATE,SKIPPED,Record status is not APPROVED.
2026-09-24T15:45:23.1059723-03:00,916715be-c77e-5698-942d-0736fe0c0a61,RVT-1B5F13E7524489CB,,VALIDATE,SKIPPED,Record status is not APPROVED.
2026-09-24T15:45:23.1059724-03:00,916715be-c77e-5698-942d-0736fe0c0a61,RVT-9A13D86AA1266E8F,,VALIDATE,SKIPPED,Record status is not APPROVED.
2026-09-24T15:45:23.1059725-03:00,916715be-c77e-5698-942d-0736fe0c0a61,RVT-032302CC5ECD0465,,VALIDATE,SKIPPED,Record status is not APPROVED.
2026-09-24T15:45:23.1059726-03:00,916715be-c77e-5698-942d-0736fe0c0a61,RVT-314D1077A6250A4E,,VALIDATE,SKIPPED,Record status is not APPROVED.
2026-09-24T15:45:23.1059727-03:00,916715be-c77e-5698-942d-0736fe0c0a61,RVT-2404DC50BE009438,,VALIDATE,SKIPPED,Record status is not APPROVED.
2026-09-24T15:45:23.1059729-03:00,916715be-c77e-5698-942d-0736fe0c0a61,RVT-8153CFE1C6230C2A,,VALIDATE,SKIPPED,Record status is not APPROVED.
2026-09-24T15:45:23.1059730-03:00,916715be-c77e-5698-942d-0736fe0c0a61,RVT-6DAEBD1337515BF9,,VALIDATE,SKIPPED,Record status is not APPROVED.
2026-09-24T15:45:23.1059731-03:00,916715be-c77e-5698-942d-0736fe0c0a61,RVT-B2C059A6E244CA17,,VALIDATE,SKIPPED,Record status is not APPROVED.
2026-09-24T15:45:23.1059732-03:00,916715be-c77e-5698-942d-0736fe0c0a61,RVT-DF5391CFEE9905B2,,VALIDATE,SKIPPED,Record status is not APPROVED.
2026-09-24T15:45:23.1059733-03:00,916715be-c77e-5698-942d-0736fe0c0a61,RVT-B80D9B676FDEBF82,,VALIDATE,SKIPPED,Record status is not APPROVED.
2026-09-24T15:45:23.1059734-03:00,916715be-c77e-5698-942d-0736fe0c0a61,RVT-04953AE0CE307E72,,VALIDATE,SKIPPED,Record status is not APPROVED.
2026-09-24T15:45:23.1059735-03:00,916715be-c77e-5698-942d-0736fe0c0a61,RVT-5E0917E9075CC26D,,VALIDATE,SKIPPED,Record status is not APPROVED.
2026-09-24T15:45:23.1059736-03:00,916715be-c77e-5698-942d-0736fe0c0a61,RVT-11D908610BE9A980,,VALIDATE,SKIPPED,Record status is not APPROVED.
2026-09-24T15:45:23.1059737-03:00,916715be-c77e-5698-942d-0736fe0c0a61,RVT-ECAE25375195206B,,VALIDATE,SKIPPED,Record status is not APPROVED.
2026-09-24T15:45:23.1059738-03:00,916715be-c77e-5698-942d-0736fe0c0a61,RVT-84908BEAFFB7D870,,VALIDATE,SKIPPED,Record status is not APPROVED.
2026-09-24T15:45:23.1059739-03:00,916715be-c77e-5698-942d-0736fe0c0a61,RVT-7927873A1069547D,,VALIDATE,SKIPPED,Record status is not APPROVED.
2026-09-24T15:45:23.1059740-03:00,916715be-c77e-5698-942d-0736fe0c0a61,RVT-F43EEE307153AA4A,,VALIDATE,SKIPPED,Record status is not APPROVED.
2026-09-24T15:45:23.1059741-03:00,916715be-c77e-5698-942d-0736fe0c0a61,RVT-31FA0C71F69BCD74,,VALIDATE,SKIPPED,Record status is not APPROVED.
2026-09-24T15:45:23.1059742-03:00,916715be-c77e-5698-942d-0736fe0c0a61,RVT-1B466538925588A4,,VALIDATE,SKIPPED,Record status is not APPROVED.
2026-09-24T15:45:23.1059743-03:00,916715be-c77e-5698-942d-0736fe0c0a61,RVT-1CDDDC50399C34CE,,VALIDATE,SKIPPED,Record status is not APPROVED.
2026-09-24T15:45:23.1059744-03:00,916715be-c77e-5698-942d-0736fe0c0a61,RVT-5DD75C219B8192CE,,VALIDATE,SKIPPED,Record status is not APPROVED.
2026-09-24T15:45:23.1059745-03:00,916715be-c77e-5698-942d-0736fe0c0a61,RVT-CA52A2409D03520B,,VALIDATE,SKIPPED,Record status is not APPROVED.
2026-09-24T15:45:23.1059747-03:00,916715be-c77e-5698-942d-0736fe0c0a61,RVT-E13A8E976AD19729,,VALIDATE,SKIPPED,Record status is not APPROVED.
2026-09-24T15:45:23.1059748-03:00,916715be-c77e-5698-942d-0736fe0c0a61,RVT-2CB0F6FBCFFB8709,,VALIDATE,SKIPPED,Record status is not APPROVED.
2026-09-24T15:45:23.1059748-03:00,916715be-c77e-5698-942d-0736fe0c0a61,RVT-7C029415B7218451,,VALIDATE,SKIPPED,Record status is not APPROVED.
2026-09-24T15:45:23.1059749-03:00,916715be-c77e-5698-942d-0736fe0c0a61,RVT-759AE1E7FD033AB0,,VALIDATE,SKIPPED,Record status is not APPROVED.
2026-09-24T15:45:23.1059750-03:00,916715be-c77e-5698-942d-0736fe0c0a61,RVT-3CB99A6DFD964E95,,VALIDATE,SKIPPED,Record status is not APPROVED.
2026-09-24T15:45:23.1059751-03:00,916715be-c77e-5698-942d-0736fe0c0a61,RVT-901353185692D4AE,,VALIDATE,SKIPPED,Record status is not APPROVED.
2026-09-24T15:45:23.1059752-03:00,916715be-c77e-5698-942d-0736fe0c0a61,RVT-52DDA5C5DC38264C,,VALIDATE,SKIPPED,Record status is not APPROVED.
2026-09-24T15:45:23.1059753-03:00,916715be-c77e-5698-942d-0736fe0c0a61,RVT-FC81ACD811FAE09B,,VALIDATE,SKIPPED,Record status is not APPROVED.
2026-09-24T15:45:23.1059754-03:00,916715be-c77e-5698-942d-0736fe0c0a61,RVT-6B46B8E0DB0F766C,,VALIDATE,SKIPPED,Record status is not APPROVED.
2026-09-24T15:45:23.1059755-03:00,916715be-c77e-5698-942d-0736fe0c0a61,RVT-D9F98CF0993F27CD,,VALIDATE,SKIPPED,Record status is not APPROVED.
2026-09-24T15:45:23.1059756-03:00,916715be-c77e-5698-942d-0736fe0c0a61,RVT-92D401E8C51B3850,,VALIDATE,SKIPPED,Record status is not APPROVED.
2026-09-24T15:45:23.1059758-03:00,916715be-c77e-5698-942d-0736fe0c0a61,RVT-E6DBFCAD51BF3220,,VALIDATE,SKIPPED,Record status is not APPROVED.
2026-09-24T15:45:23.1059759-03:00,916715be-c77e-5698-942d-0736fe0c0a61,RVT-7C8B1949D2E4B185,,VALIDATE,SKIPPED,Record status is not APPROVED.
2026-09-24T15:45:23.1059760-03:00,916715be-c77e-5698-942d-0736fe0c0a61,RVT-6D3321CED42656CC,,VALIDATE,SKIPPED,Record status is not APPROVED.
2026-09-24T15:45:23.1059761-03:00,916715be-c77e-5698-942d-0736fe0c0a61,RVT-8C208B1FDED28CAE,,VALIDATE,SKIPPED,Record status is not APPROVED.
2026-09-24T15:45:23.1059762-03:00,916715be-c77e-5698-942d-0736fe0c0a61,RVT-1FAB976390289B65,,VALIDATE,SKIPPED,Record status is not APPROVED.
2026-09-24T15:45:23.1059764-03:00,916715be-c77e-5698-942d-0736fe0c0a61,RVT-D76D730199586F8C,,VALIDATE,SKIPPED,Record status is not APPROVED.
2026-09-24T15:45:23.1059765-03:00,916715be-c77e-5698-942d-0736fe0c0a61,RVT-9B1D974280A1283B,,VALIDATE,SKIPPED,Record status is not APPROVED.
2026-09-24T15:45:23.1059766-03:00,916715be-c77e-5698-942d-0736fe0c0a61,RVT-69FC959D37C25C63,,VALIDATE,SKIPPED,Record status is not APPROVED.
2026-09-24T15:45:23.1059767-03:00,916715be-c77e-5698-942d-0736fe0c0a61,RVT-86BC8BEFFFE0EF06,,VALIDATE,SKIPPED,Record status is not APPROVED.
2026-09-24T15:45:23.1059768-03:00,916715be-c77e-5698-942d-0736fe0c0a61,RVT-9CF296D6DD09684B,,VALIDATE,SKIPPED,Record status is not APPROVED.
2026-09-24T15:45:23.1059769-03:00,916715be-c77e-5698-942d-0736fe0c0a61,RVT-4C40EBDB1FA9B586,,VALIDATE,SKIPPED,Record status is not APPROVED.
2026-09-24T15:45:23.1059770-03:00,916715be-c77e-5698-942d-0736fe0c0a61,RVT-514C5E9925F758B9,,VALIDATE,SKIPPED,Record status is not APPROVED.
2026-09-24T15:45:23.1059771-03:00,916715be-c77e-5698-942d-0736fe0c0a61,RVT-7E5CC46DA8216D88,,VALIDATE,SKIPPED,Record status is not APPROVED.
2026-09-24T15:45:23.1059772-03:00,916715be-c77e-5698-942d-0736fe0c0a61,RVT-76F021B7D40C7736,,VALIDATE,SKIPPED,Record status is not APPROVED.
2026-09-24T15:45:23.1059773-03:00,916715be-c77e-5698-942d-0736fe0c0a61,RVT-59164A90400A9902,,VALIDATE,SKIPPED,Record status is not APPROVED.
2026-09-24T15:45:23.1059774-03:00,916715be-c77e-5698-942d-0736fe0c0a61,RVT-B100A56552115F56,,VALIDATE,SKIPPED,Record status is not APPROVED.
2026-09-24T15:45:23.1059775-03:00,916715be-c77e-5698-942d-0736fe0c0a61,RVT-894B88EEF671577A,,VALIDATE,SKIPPED,Record status is not APPROVED.
2026-09-24T15:45:23.1059782-03:00,916715be-c77e-5698-942d-0736fe0c0a61,RVT-1F1D1E6537430115,,VALIDATE,SKIPPED,Record status is not APPROVED.
2026-09-24T15:45:23.1059784-03:00,916715be-c77e-5698-942d-0736fe0c0a61,RVT-AB84C8E5EC7254AD,,VALIDATE,SKIPPED,Record status is not APPROVED.
2026-09-24T15:45:23.1059785-03:00,916715be-c77e-5698-942d-0736fe0c0a61,RVT-7D05F7B2764FB51F,,VALIDATE,SKIPPED,Record status is not APPROVED.
2026-09-24T15:45:23.1059786-03:00,916715be-c77e-5698-942d-0736fe0c0a61,RVT-6213C10E393BD2DB,,VALIDATE,SKIPPED,Record status is not APPROVED.
2026-09-24T15:45:23.1059787-03:00,916715be-c77e-5698-942d-0736fe0c0a61,RVT-742CFEB7B9A1C9B2,,VALIDATE,SKIPPED,Record status is not APPROVED.
2026-09-24T15:45:23.1059788-03:00,916715be-c77e-5698-942d-0736fe0c0a61,RVT-283F6663DC35A6D1,,VALIDATE,SKIPPED,Record status is not APPROVED.
2026-09-24T15:45:23.1059789-03:00,916715be-c77e-5698-942d-0736fe0c0a61,RVT-483D5F40D2233B97,,VALIDATE,SKIPPED,Record status is not APPROVED.
2026-09-24T15:45:23.1059790-03:00,916715be-c77e-5698-942d-0736fe0c0a61,RVT-FC225AE99BF880BC,,VALIDATE,SKIPPED,Record status is not APPROVED.
2026-09-24T15:45:23.1059791-03:00,916715be-c77e-5698-942d-0736fe0c0a61,RVT-BAB29CFEFA6A98DC,,VALIDATE,SKIPPED,Record status is not APPROVED.
2026-09-24T15:45:23.1059792-03:00,916715be-c77e-5698-942d-0736fe0c0a61,RVT-CC06F4A62F522505,,VALIDATE,SKIPPED,Record status is not APPROVED.
2026-09-24T15:45:23.1059794-03:00,916715be-c77e-5698-942d-0736fe0c0a61,RVT-C9BE1FBF9EE9340F,,VALIDATE,SKIPPED,Record status is not APPROVED.
2026-09-24T15:45:23.1059795-03:00,916715be-c77e-5698-942d-0736fe0c0a61,RVT-32D82C06A8652E49,,VALIDATE,SKIPPED,Record status is not APPROVED.
2026-09-24T15:45:23.1059796-03:00,916715be-c77e-5698-942d-0736fe0c0a61,RVT-7D25FB76349BB634,,VALIDATE,SKIPPED,Record status is not APPROVED.
2026-09-24T15:45:23.1059797-03:00,916715be-c77e-5698-942d-0736fe0c0a61,RVT-961722D212343CCB,,VALIDATE,SKIPPED,Record status is not APPROVED.
2026-09-24T15:45:23.1059798-03:00,916715be-c77e-5698-942d-0736fe0c0a61,RVT-8A8696328EA059D3,,VALIDATE,SKIPPED,Record status is not APPROVED.
2026-09-24T15:45:23.1059799-03:00,916715be-c77e-5698-942d-0736fe0c0a61,RVT-4F831C833893902E,,VALIDATE,SKIPPED,Record status is not APPROVED.
2026-09-24T15:45:23.1059800-03:00,916715be-c77e-5698-942d-0736fe0c0a61,RVT-AE214884574F7A4A,,VALIDATE,SKIPPED,Record status is not APPROVED.
2026-09-24T15:45:23.1059801-03:00,916715be-c77e-5698-942d-0736fe0c0a61,RVT-65396F0633027583,,VALIDATE,SKIPPED,Record status is not APPROVED.
2026-09-24T15:45:23.1059802-03:00,916715be-c77e-5698-942d-0736fe0c0a61,RVT-29B1E44EB8778056,,VALIDATE,SKIPPED,Record status is not APPROVED.
2026-09-24T15:45:23.1059803-03:00,916715be-c77e-5698-942d-0736fe0c0a61,RVT-646E9E77D91FD43A,,VALIDATE,SKIPPED,Record status is not APPROVED.
2026-09-24T15:45:23.1059805-03:00,916715be-c77e-5698-942d-0736fe0c0a61,RVT-48A6A95DB83B5EBD,,VALIDATE,SKIPPED,Record status is not APPROVED.
2026-09-24T15:45:23.1059805-03:00,916715be-c77e-5698-942d-0736fe0c0a61,RVT-C8CCD659E680385A,,VALIDATE,SKIPPED,Record status is not APPROVED.
2026-09-24T15:45:23.1059806-03:00,916715be-c77e-5698-942d-0736fe0c0a61,RVT-2EB3CCA8B7B037FD,,VALIDATE,SKIPPED,Record status is not APPROVED.
2026-09-24T15:45:23.1059807-03:00,916715be-c77e-5698-942d-0736fe0c0a61,RVT-1E268B35D1F1D884,,VALIDATE,SKIPPED,Record status is not APPROVED.
2026-09-24T15:45:23.1059808-03:00,916715be-c77e-5698-942d-0736fe0c0a61,RVT-B4714535A19715AC,,VALIDATE,SKIPPED,Record status is not APPROVED.
2026-09-24T15:45:23.1059810-03:00,916715be-c77e-5698-942d-0736fe0c0a61,RVT-1826F56116EA54AA,,VALIDATE,SKIPPED,Record status is not APPROVED.
2026-09-24T15:45:23.1059811-03:00,916715be-c77e-5698-942d-0736fe0c0a61,RVT-8CEC5FDC2D0E3038,,VALIDATE,SKIPPED,Record status is not APPROVED.
2026-09-24T15:45:23.1059812-03:00,916715be-c77e-5698-942d-0736fe0c0a61,RVT-269A7E7B898C73B2,,VALIDATE,SKIPPED,Record status is not APPROVED.
2026-09-24T15:45:23.1059813-03:00,916715be-c77e-5698-942d-0736fe0c0a61,RVT-B9B754F0B2B97B7B,,VALIDATE,SKIPPED,Record status is not APPROVED.
2026-09-24T15:45:23.1059814-03:00,916715be-c77e-5698-942d-0736fe0c0a61,RVT-97226606C90B6F44,,VALIDATE,SKIPPED,Record status is not APPROVED.
2026-09-24T15:45:23.1059815-03:00,916715be-c77e-5698-942d-0736fe0c0a61,RVT-384D171FC8897C2F,,VALIDATE,SKIPPED,Record status is not APPROVED.
2026-09-24T15:45:23.1059816-03:00,916715be-c77e-5698-942d-0736fe0c0a61,RVT-8E191DA29D150109,,VALIDATE,SKIPPED,Record status is not APPROVED.
2026-09-24T15:45:23.1059817-03:00,916715be-c77e-5698-942d-0736fe0c0a61,RVT-42EEC5E91363FB57,,VALIDATE,SKIPPED,Record status is not APPROVED.
2026-09-24T15:45:23.1059819-03:00,916715be-c77e-5698-942d-0736fe0c0a61,RVT-6D9A78AA36DAFC68,,VALIDATE,SKIPPED,Record status is not APPROVED.
2026-09-24T15:45:23.1059820-03:00,916715be-c77e-5698-942d-0736fe0c0a61,RVT-748555632DF27730,,VALIDATE,SKIPPED,Record status is not APPROVED.
2026-09-24T15:45:23.1059821-03:00,916715be-c77e-5698-942d-0736fe0c0a61,RVT-D7F73A9037849C79,,VALIDATE,SKIPPED,Record status is not APPROVED.
2026-09-24T15:45:23.1059822-03:00,916715be-c77e-5698-942d-0736fe0c0a61,RVT-087CD78722C05AE8,,VALIDATE,SKIPPED,Record status is not APPROVED.
2026-09-24T15:45:23.1059823-03:00,916715be-c77e-5698-942d-0736fe0c0a61,RVT-2E149C04C4101EA6,,VALIDATE,SKIPPED,Record status is not APPROVED.
2026-09-24T15:45:23.1059824-03:00,916715be-c77e-5698-942d-0736fe0c0a61,RVT-639F84ABB0D56E58,,VALIDATE,SKIPPED,Record status is not APPROVED.
2026-09-24T15:45:23.1059825-03:00,916715be-c77e-5698-942d-0736fe0c0a61,RVT-90291C65A345AEF9,,VALIDATE,SKIPPED,Record status is not APPROVED.
2026-09-24T15:45:23.1059826-03:00,916715be-c77e-5698-942d-0736fe0c0a61,RVT-52ED02895CC6B381,,VALIDATE,SKIPPED,Record status is not APPROVED.
2026-09-24T15:45:23.1059827-03:00,916715be-c77e-5698-942d-0736fe0c0a61,RVT-938791BD2388AEF7,,VALIDATE,SKIPPED,Record status is not APPROVED.
2026-09-24T15:45:23.1059828-03:00,916715be-c77e-5698-942d-0736fe0c0a61,RVT-45241826F3449E45,,VALIDATE,SKIPPED,Record status is not APPROVED.
2026-09-24T15:45:23.1059828-03:00,916715be-c77e-5698-942d-0736fe0c0a61,RVT-83A645DE6686A13F,,VALIDATE,SKIPPED,Record status is not APPROVED.
2026-09-24T15:45:23.1059829-03:00,916715be-c77e-5698-942d-0736fe0c0a61,RVT-365061B8CF20841C,,VALIDATE,SKIPPED,Record status is not APPROVED.
2026-09-24T15:45:23.1059830-03:00,916715be-c77e-5698-942d-0736fe0c0a61,RVT-A50837521DD5AC22,,VALIDATE,SKIPPED,Record status is not APPROVED.
2026-09-24T15:45:23.1059832-03:00,916715be-c77e-5698-942d-0736fe0c0a61,RVT-E1D6A2F589877D1B,,VALIDATE,SKIPPED,Record status is not APPROVED.
2026-09-24T15:45:23.1059833-03:00,916715be-c77e-5698-942d-0736fe0c0a61,RVT-35EB0A6068647D45,,VALIDATE,SKIPPED,Record status is not APPROVED.
2026-09-24T15:45:23.1059834-03:00,916715be-c77e-5698-942d-0736fe0c0a61,RVT-066664E2014AA8FE,,VALIDATE,SKIPPED,Record status is not APPROVED.
2026-09-24T15:45:23.1059835-03:00,916715be-c77e-5698-942d-0736fe0c0a61,RVT-4ACE6CA78A7F6EF7,,VALIDATE,SKIPPED,Record status is not APPROVED.
2026-09-24T15:45:23.1059836-03:00,916715be-c77e-5698-942d-0736fe0c0a61,RVT-EA38F02304F75407,,VALIDATE,SKIPPED,Record status is not APPROVED.
2026-09-24T15:45:23.1059837-03:00,916715be-c77e-5698-942d-0736fe0c0a61,RVT-E7624ABF8ACF86A3,,VALIDATE,SKIPPED,Record status is not APPROVED.
2026-09-24T15:45:23.1059838-03:00,916715be-c77e-5698-942d-0736fe0c0a61,RVT-F814A80678C38335,,VALIDATE,SKIPPED,Record status is not APPROVED.
2026-09-24T15:45:23.1059839-03:00,916715be-c77e-5698-942d-0736fe0c0a61,RVT-CAC5304930E6EAB1,,VALIDATE,SKIPPED,Record status is not APPROVED.
2026-09-24T15:45:23.1059840-03:00,916715be-c77e-5698-942d-0736fe0c0a61,RVT-8E9CE99BCDB1C5F1,,VALIDATE,SKIPPED,Record status is not APPROVED.
2026-09-24T15:45:23.1059842-03:00,916715be-c77e-5698-942d-0736fe0c0a61,RVT-8B49FBBFD75ACEE8,,VALIDATE,SKIPPED,Record status is not APPROVED.
2026-09-24T15:45:23.1059843-03:00,916715be-c77e-5698-942d-0736fe0c0a61,RVT-83B18B9FD77D5170,,VALIDATE,SKIPPED,Record status is not APPROVED.
2026-09-24T15:45:23.1059844-03:00,916715be-c77e-5698-942d-0736fe0c0a61,RVT-582B0C2640D654F7,,VALIDATE,SKIPPED,Record status is not APPROVED.
2026-09-24T15:45:23.1059845-03:00,916715be-c77e-5698-942d-0736fe0c0a61,RVT-46D8957F949AAED4,,VALIDATE,SKIPPED,Record status is not APPROVED.
2026-09-24T15:45:23.1059845-03:00,916715be-c77e-5698-942d-0736fe0c0a61,RVT-19ACCEDA42EF921F,,VALIDATE,SKIPPED,Record status is not APPROVED.
2026-09-24T15:45:23.1059847-03:00,916715be-c77e-5698-942d-0736fe0c0a61,RVT-43F05D2694E6C308,,VALIDATE,SKIPPED,Record status is not APPROVED.
2026-09-24T15:45:23.1059847-03:00,916715be-c77e-5698-942d-0736fe0c0a61,RVT-ABE3E7253F857FF8,,VALIDATE,SKIPPED,Record status is not APPROVED.
2026-09-24T15:45:23.1059848-03:00,916715be-c77e-5698-942d-0736fe0c0a61,RVT-6665F607C6111918,,VALIDATE,SKIPPED,Record status is not APPROVED.
2026-09-24T15:45:23.1059849-03:00,916715be-c77e-5698-942d-0736fe0c0a61,RVT-3781F304C28C686C,,VALIDATE,SKIPPED,Record status is not APPROVED.
2026-09-24T15:45:23.1059851-03:00,916715be-c77e-5698-942d-0736fe0c0a61,RVT-8F4497891106F346,,VALIDATE,SKIPPED,Record status is not APPROVED.
2026-09-24T15:45:23.1059852-03:00,916715be-c77e-5698-942d-0736fe0c0a61,RVT-0569A8ABFC806EDC,,VALIDATE,SKIPPED,Record status is not APPROVED.
2026-09-24T15:45:23.1059853-03:00,916715be-c77e-5698-942d-0736fe0c0a61,RVT-2F532A34499F0422,,VALIDATE,SKIPPED,Record status is not APPROVED.
2026-09-24T15:45:23.1059854-03:00,916715be-c77e-5698-942d-0736fe0c0a61,RVT-0E41839892DF195E,,VALIDATE,SKIPPED,Record status is not APPROVED.
2026-09-24T15:45:23.1059855-03:00,916715be-c77e-5698-942d-0736fe0c0a61,RVT-B0CE51E318BD6204,,VALIDATE,SKIPPED,Record status is not APPROVED.
2026-09-24T15:45:23.1059856-03:00,916715be-c77e-5698-942d-0736fe0c0a61,RVT-16F7CAB0D9401802,,VALIDATE,SKIPPED,Record status is not APPROVED.
2026-09-24T15:45:23.1059857-03:00,916715be-c77e-5698-942d-0736fe0c0a61,RVT-BF51EE2FEE1FED99,,VALIDATE,SKIPPED,Record status is not APPROVED.
2026-09-24T15:45:23.1059858-03:00,916715be-c77e-5698-942d-0736fe0c0a61,RVT-238D6B89824FB9E1,,VALIDATE,SKIPPED,Record status is not APPROVED.
2026-09-24T15:45:23.1059859-03:00,916715be-c77e-5698-942d-0736fe0c0a61,RVT-1C1B704E294142CF,,VALIDATE,SKIPPED,Record status is not APPROVED.
2026-09-24T15:45:23.1059860-03:00,916715be-c77e-5698-942d-0736fe0c0a61,RVT-94BE5BE11A43E04A,,VALIDATE,SKIPPED,Record status is not APPROVED.
2026-09-24T15:45:23.1059861-03:00,916715be-c77e-5698-942d-0736fe0c0a61,RVT-BCBE8BE79E276F49,,VALIDATE,SKIPPED,Record status is not APPROVED.
2026-09-24T15:45:23.1059862-03:00,916715be-c77e-5698-942d-0736fe0c0a61,RVT-923B2B5B8EA468AF,,VALIDATE,SKIPPED,Record status is not APPROVED.
2026-09-24T15:45:23.1059864-03:00,916715be-c77e-5698-942d-0736fe0c0a61,RVT-DF42C4266A2417EE,,VALIDATE,SKIPPED,Record status is not APPROVED.
2026-09-24T15:45:23.1059865-03:00,916715be-c77e-5698-942d-0736fe0c0a61,RVT-625C05A87FF33225,,VALIDATE,SKIPPED,Record status is not APPROVED.
2026-09-24T15:45:23.1059866-03:00,916715be-c77e-5698-942d-0736fe0c0a61,RVT-4583FB1BBAFEFACC,,VALIDATE,SKIPPED,Record status is not APPROVED.
2026-09-24T15:45:23.1059867-03:00,916715be-c77e-5698-942d-0736fe0c0a61,RVT-43D7C14353F97CCF,,VALIDATE,SKIPPED,Record status is not APPROVED.
2026-09-24T15:45:23.1059868-03:00,916715be-c77e-5698-942d-0736fe0c0a61,RVT-4C273755233A8D17,,VALIDATE,SKIPPED,Record status is not APPROVED.
2026-09-24T15:45:23.1059869-03:00,916715be-c77e-5698-942d-0736fe0c0a61,RVT-B60905242036044A,,VALIDATE,SKIPPED,Record status is not APPROVED.
2026-09-24T15:45:23.1059870-03:00,916715be-c77e-5698-942d-0736fe0c0a61,RVT-2A9EEB973803CC9F,,VALIDATE,SKIPPED,Record status is not APPROVED.
2026-09-24T15:45:23.1059871-03:00,916715be-c77e-5698-942d-0736fe0c0a61,RVT-1BBE8DD62AF8D7AE,,VALIDATE,SKIPPED,Record status is not APPROVED.
2026-09-24T15:45:23.1059872-03:00,916715be-c77e-5698-942d-0736fe0c0a61,RVT-55D2F6BDBC224814,,VALIDATE,SKIPPED,Record status is not APPROVED.
2026-09-24T15:45:23.1059873-03:00,916715be-c77e-5698-942d-0736fe0c0a61,RVT-5812E46464CA52AF,,VALIDATE,SKIPPED,Record status is not APPROVED.
2026-09-24T15:45:23.1059874-03:00,916715be-c77e-5698-942d-0736fe0c0a61,RVT-94F026FF41835533,,VALIDATE,SKIPPED,Record status is not APPROVED.
2026-09-24T15:45:23.1059875-03:00,916715be-c77e-5698-942d-0736fe0c0a61,RVT-C8A0D5FFAD242B04,,VALIDATE,SKIPPED,Record status is not APPROVED.
2026-09-24T15:45:23.1059876-03:00,916715be-c77e-5698-942d-0736fe0c0a61,RVT-0215D62A9FB405F7,,VALIDATE,SKIPPED,Record status is not APPROVED.
2026-09-24T15:45:23.1059877-03:00,916715be-c77e-5698-942d-0736fe0c0a61,RVT-BBD2C204C62536A2,,VALIDATE,SKIPPED,Record status is not APPROVED.
2026-09-24T15:45:23.1059878-03:00,916715be-c77e-5698-942d-0736fe0c0a61,RVT-266E90C8D915A659,,VALIDATE,SKIPPED,Record status is not APPROVED.
2026-09-24T15:45:23.1059880-03:00,916715be-c77e-5698-942d-0736fe0c0a61,RVT-320162BA470636EC,,VALIDATE,SKIPPED,Record status is not APPROVED.
2026-09-24T15:45:23.1059881-03:00,916715be-c77e-5698-942d-0736fe0c0a61,RVT-62150176EF888E85,,VALIDATE,SKIPPED,Record status is not APPROVED.
2026-09-24T15:45:23.1059882-03:00,916715be-c77e-5698-942d-0736fe0c0a61,RVT-9C5732CF7188A260,,VALIDATE,SKIPPED,Record status is not APPROVED.
2026-09-24T15:45:23.1059884-03:00,916715be-c77e-5698-942d-0736fe0c0a61,RVT-E2296392A0DC8A41,,VALIDATE,SKIPPED,Record status is not APPROVED.
2026-09-24T15:45:23.1059885-03:00,916715be-c77e-5698-942d-0736fe0c0a61,RVT-FA1F173B84321546,,VALIDATE,SKIPPED,Record status is not APPROVED.
2026-09-24T15:45:23.1059886-03:00,916715be-c77e-5698-942d-0736fe0c0a61,RVT-0F016431B4482F0B,,VALIDATE,SKIPPED,Record status is not APPROVED.
2026-09-24T15:45:23.1059887-03:00,916715be-c77e-5698-942d-0736fe0c0a61,RVT-5EE49B803AE6C56D,,VALIDATE,SKIPPED,Record status is not APPROVED.
2026-09-24T15:45:23.1059888-03:00,916715be-c77e-5698-942d-0736fe0c0a61,RVT-BA7AE17E4AB4E08C,,VALIDATE,SKIPPED,Record status is not APPROVED.
2026-09-24T15:45:23.1059889-03:00,916715be-c77e-5698-942d-0736fe0c0a61,RVT-995B85C209C82E76,,VALIDATE,SKIPPED,Record status is not APPROVED.
2026-09-24T15:45:23.1059890-03:00,916715be-c77e-5698-942d-0736fe0c0a61,RVT-0D5628F946026E60,,VALIDATE,SKIPPED,Record status is not APPROVED.
2026-09-24T15:45:23.1059891-03:00,916715be-c77e-5698-942d-0736fe0c0a61,RVT-D29B0E86E846F57D,,VALIDATE,SKIPPED,Record status is not APPROVED.
2026-09-24T15:45:23.1059892-03:00,916715be-c77e-5698-942d-0736fe0c0a61,RVT-A2DA3EC7BE5287F6,,VALIDATE,SKIPPED,Record status is not APPROVED.
2026-09-24T15:45:23.1059893-03:00,916715be-c77e-5698-942d-0736fe0c0a61,RVT-E49669DC11701D17,,VALIDATE,SKIPPED,Record status is not APPROVED.
2026-09-24T15:45:23.1059895-03:00,916715be-c77e-5698-942d-0736fe0c0a61,RVT-009D7D88745A8ACB,,VALIDATE,SKIPPED,Record status is not APPROVED.
2026-09-24T15:45:23.1059896-03:00,916715be-c77e-5698-942d-0736fe0c0a61,RVT-93476FE8E0DE70F9,,VALIDATE,SKIPPED,Record status is not APPROVED.
2026-09-24T15:45:23.1059897-03:00,916715be-c77e-5698-942d-0736fe0c0a61,RVT-2691C54FC08DC260,,VALIDATE,SKIPPED,Record status is not APPROVED.
2026-09-24T15:45:23.1059898-03:00,916715be-c77e-5698-942d-0736fe0c0a61,RVT-8AF730789230A70D,,VALIDATE,SKIPPED,Record status is not APPROVED.
2026-09-24T15:45:23.1059899-03:00,916715be-c77e-5698-942d-0736fe0c0a61,RVT-4B0CE6803BBA022E,,VALIDATE,SKIPPED,Record status is not APPROVED.
2026-09-24T15:45:23.1059900-03:00,916715be-c77e-5698-942d-0736fe0c0a61,RVT-EA7C460BF89551BD,,VALIDATE,SKIPPED,Record status is not APPROVED.
2026-09-24T15:45:23.1059901-03:00,916715be-c77e-5698-942d-0736fe0c0a61,RVT-94E5769F82656A7A,,VALIDATE,SKIPPED,Record status is not APPROVED.
2026-09-24T15:45:23.1059902-03:00,916715be-c77e-5698-942d-0736fe0c0a61,RVT-F598C8B239E002CA,,VALIDATE,SKIPPED,Record status is not APPROVED.
2026-09-24T15:45:23.1059903-03:00,916715be-c77e-5698-942d-0736fe0c0a61,RVT-97DD220E923867DF,,VALIDATE,SKIPPED,Record status is not APPROVED.
2026-09-24T15:45:23.1059904-03:00,916715be-c77e-5698-942d-0736fe0c0a61,RVT-D84E6F81C537D295,,VALIDATE,SKIPPED,Record status is not APPROVED.
2026-09-24T15:45:23.1059905-03:00,916715be-c77e-5698-942d-0736fe0c0a61,RVT-FC5ADAEFDE2E01AE,,VALIDATE,SKIPPED,Record status is not APPROVED.
2026-09-24T15:45:23.1059906-03:00,916715be-c77e-5698-942d-0736fe0c0a61,RVT-BD95228C3CF2391E,,VALIDATE,SKIPPED,Record status is not APPROVED.
2026-09-24T15:45:23.1059907-03:00,916715be-c77e-5698-942d-0736fe0c0a61,RVT-F38663C4826DC377,,VALIDATE,SKIPPED,Record status is not APPROVED.
2026-09-24T15:45:23.1059908-03:00,916715be-c77e-5698-942d-0736fe0c0a61,RVT-5CCB25B5C8E84F89,,VALIDATE,SKIPPED,Record status is not APPROVED.
2026-09-24T15:45:23.1059909-03:00,916715be-c77e-5698-942d-0736fe0c0a61,RVT-A295940FFACCFDDF,,VALIDATE,SKIPPED,Record status is not APPROVED.
2026-09-24T15:45:23.1059910-03:00,916715be-c77e-5698-942d-0736fe0c0a61,RVT-B3ADFE8AD7DA5CCF,,VALIDATE,SKIPPED,Record status is not APPROVED.
2026-09-24T15:45:23.1059911-03:00,916715be-c77e-5698-942d-0736fe0c0a61,RVT-F10D4E93F0D505EA,,VALIDATE,SKIPPED,Record status is not APPROVED.
2026-09-24T15:45:23.1059912-03:00,916715be-c77e-5698-942d-0736fe0c0a61,RVT-768213DE0C4FD440,,VALIDATE,SKIPPED,Record status is not APPROVED.
2026-09-24T15:45:23.1059913-03:00,916715be-c77e-5698-942d-0736fe0c0a61,RVT-8E50B44D17886044,,VALIDATE,SKIPPED,Record status is not APPROVED.
2026-09-24T15:45:23.1059914-03:00,916715be-c77e-5698-942d-0736fe0c0a61,RVT-F3F496CB1D850505,,VALIDATE,SKIPPED,Record status is not APPROVED.
2026-09-24T15:45:23.1059915-03:00,916715be-c77e-5698-942d-0736fe0c0a61,RVT-EA013A13871F1E27,,VALIDATE,SKIPPED,Record status is not APPROVED.
2026-09-24T15:45:23.1059916-03:00,916715be-c77e-5698-942d-0736fe0c0a61,RVT-261D3B2BB3620C78,,VALIDATE,SKIPPED,Record status is not APPROVED.
2026-09-24T15:45:23.1059917-03:00,916715be-c77e-5698-942d-0736fe0c0a61,RVT-CDF1F37A616CF607,,VALIDATE,SKIPPED,Record status is not APPROVED.
2026-09-24T15:45:23.1059918-03:00,916715be-c77e-5698-942d-0736fe0c0a61,RVT-CA5855E86B16A629,,VALIDATE,SKIPPED,Record status is not APPROVED.
2026-09-24T15:45:23.1059926-03:00,916715be-c77e-5698-942d-0736fe0c0a61,RVT-84A09733C347BDF1,,VALIDATE,SKIPPED,Record status is not APPROVED.
2026-09-24T15:45:23.1059927-03:00,916715be-c77e-5698-942d-0736fe0c0a61,RVT-9BA1C134C7E8EDA6,,VALIDATE,SKIPPED,Record status is not APPROVED.
2026-09-24T15:45:23.1059928-03:00,916715be-c77e-5698-942d-0736fe0c0a61,RVT-04E995E08A879BEE,,VALIDATE,SKIPPED,Record status is not APPROVED.
2026-09-24T15:45:23.1059929-03:00,916715be-c77e-5698-942d-0736fe0c0a61,RVT-D1425E465723206C,,VALIDATE,SKIPPED,Record status is not APPROVED.
2026-09-24T15:45:23.1059930-03:00,916715be-c77e-5698-942d-0736fe0c0a61,RVT-A5258DC3E1F9E91F,,VALIDATE,SKIPPED,Record status is not APPROVED.
2026-09-24T15:45:23.1059931-03:00,916715be-c77e-5698-942d-0736fe0c0a61,RVT-13360C50958B6CFA,,VALIDATE,SKIPPED,Record status is not APPROVED.
2026-09-24T15:45:23.1059932-03:00,916715be-c77e-5698-942d-0736fe0c0a61,RVT-C83C067577428BF1,,VALIDATE,SKIPPED,Record status is not APPROVED.
2026-09-24T15:45:23.1059933-03:00,916715be-c77e-5698-942d-0736fe0c0a61,RVT-797FD827C075C4AD,,VALIDATE,SKIPPED,Record status is not APPROVED.
2026-09-24T15:45:23.1059934-03:00,916715be-c77e-5698-942d-0736fe0c0a61,RVT-E7226CDE51DE08F4,,VALIDATE,SKIPPED,Record status is not APPROVED.
2026-09-24T15:45:23.1059935-03:00,916715be-c77e-5698-942d-0736fe0c0a61,RVT-082393B249485E37,,VALIDATE,SKIPPED,Record status is not APPROVED.
2026-09-24T15:45:23.1059936-03:00,916715be-c77e-5698-942d-0736fe0c0a61,RVT-28EF5B67929A0A9A,,VALIDATE,SKIPPED,Record status is not APPROVED.
2026-09-24T15:45:23.1059937-03:00,916715be-c77e-5698-942d-0736fe0c0a61,RVT-E9B546CE129E5FBC,,VALIDATE,SKIPPED,Record status is not APPROVED.
2026-09-24T15:45:23.1059938-03:00,916715be-c77e-5698-942d-0736fe0c0a61,RVT-3CF69E0C62C808CB,,VALIDATE,SKIPPED,Record status is not APPROVED.
2026-09-24T15:45:23.1059939-03:00,916715be-c77e-5698-942d-0736fe0c0a61,RVT-B79971C42BD90746,,VALIDATE,SKIPPED,Record status is not APPROVED.
2026-09-24T15:45:23.1059941-03:00,916715be-c77e-5698-942d-0736fe0c0a61,RVT-815BBA2A7FB05BE7,,VALIDATE,SKIPPED,Record status is not APPROVED.
2026-09-24T15:45:23.1059942-03:00,916715be-c77e-5698-942d-0736fe0c0a61,RVT-37FCE88F2C1680D8,,VALIDATE,SKIPPED,Record status is not APPROVED.
2026-09-24T15:45:23.1059943-03:00,916715be-c77e-5698-942d-0736fe0c0a61,RVT-FBCFEEB6D81C91BD,,VALIDATE,SKIPPED,Record status is not APPROVED.
2026-09-24T15:45:23.1059944-03:00,916715be-c77e-5698-942d-0736fe0c0a61,RVT-0DAF491880C75546,,VALIDATE,SKIPPED,Record status is not APPROVED.
2026-09-24T15:45:23.1059945-03:00,916715be-c77e-5698-942d-0736fe0c0a61,RVT-59872AEB6CA7A95D,,VALIDATE,SKIPPED,Record status is not APPROVED.
2026-09-24T15:45:23.1059946-03:00,916715be-c77e-5698-942d-0736fe0c0a61,RVT-4D029F2D3E1FF27A,,VALIDATE,SKIPPED,Record status is not APPROVED.
2026-09-24T15:45:23.1059948-03:00,916715be-c77e-5698-942d-0736fe0c0a61,RVT-ECF9313E20100CB9,,VALIDATE,SKIPPED,Record status is not APPROVED.
2026-09-24T15:45:23.1059949-03:00,916715be-c77e-5698-942d-0736fe0c0a61,RVT-5D8DC72C82E88BFC,,VALIDATE,SKIPPED,Record status is not APPROVED.
2026-09-24T15:45:23.1059950-03:00,916715be-c77e-5698-942d-0736fe0c0a61,RVT-E2BB3F3F321C1B52,,VALIDATE,SKIPPED,Record status is not APPROVED.
2026-09-24T15:45:23.1059951-03:00,916715be-c77e-5698-942d-0736fe0c0a61,RVT-014F9B91F47955F5,,VALIDATE,SKIPPED,Record status is not APPROVED.
2026-09-24T15:45:23.1059952-03:00,916715be-c77e-5698-942d-0736fe0c0a61,RVT-C5A08E4A2AAED8EB,,VALIDATE,SKIPPED,Record status is not APPROVED.
2026-09-24T15:45:23.1059952-03:00,916715be-c77e-5698-942d-0736fe0c0a61,RVT-346E8E525FF354BE,,VALIDATE,SKIPPED,Record status is not APPROVED.
2026-09-24T15:45:23.1059953-03:00,916715be-c77e-5698-942d-0736fe0c0a61,RVT-ADD4B3C6EE15040A,,VALIDATE,SKIPPED,Record status is not APPROVED.
2026-09-24T15:45:23.1059954-03:00,916715be-c77e-5698-942d-0736fe0c0a61,RVT-0969C56D667D28E9,,VALIDATE,SKIPPED,Record status is not APPROVED.
2026-09-24T15:45:23.1059955-03:00,916715be-c77e-5698-942d-0736fe0c0a61,RVT-C93817FFAF984997,,VALIDATE,SKIPPED,Record status is not APPROVED.
2026-09-24T15:45:23.1059957-03:00,916715be-c77e-5698-942d-0736fe0c0a61,RVT-07CD71E2625FC0FC,,VALIDATE,SKIPPED,Record status is not APPROVED.
2026-09-24T15:45:23.1059958-03:00,916715be-c77e-5698-942d-0736fe0c0a61,RVT-A7C18D9A18B6F820,,VALIDATE,SKIPPED,Record status is not APPROVED.
2026-09-24T15:45:23.1059959-03:00,916715be-c77e-5698-942d-0736fe0c0a61,RVT-3A4E27B2CDC8C3FE,,VALIDATE,SKIPPED,Record status is not APPROVED.
2026-09-24T15:45:23.1059960-03:00,916715be-c77e-5698-942d-0736fe0c0a61,RVT-341627DA1B8C6B57,,VALIDATE,SKIPPED,Record status is not APPROVED.
2026-09-24T15:45:23.1059961-03:00,916715be-c77e-5698-942d-0736fe0c0a61,RVT-D0F8435EBC107564,,VALIDATE,SKIPPED,Record status is not APPROVED.
2026-09-24T15:45:23.1059962-03:00,916715be-c77e-5698-942d-0736fe0c0a61,RVT-EB2839C8D340B11F,,VALIDATE,SKIPPED,Record status is not APPROVED.
2026-09-24T15:45:23.1059963-03:00,916715be-c77e-5698-942d-0736fe0c0a61,RVT-FA02D1C441706F92,,VALIDATE,SKIPPED,Record status is not APPROVED.
2026-09-24T15:45:23.1059964-03:00,916715be-c77e-5698-942d-0736fe0c0a61,RVT-16994003D39DC6D1,,VALIDATE,SKIPPED,Record status is not APPROVED.
2026-09-24T15:45:23.1059965-03:00,916715be-c77e-5698-942d-0736fe0c0a61,RVT-40D9F1B6315B22E9,,VALIDATE,SKIPPED,Record status is not APPROVED.
2026-09-24T15:45:23.1059966-03:00,916715be-c77e-5698-942d-0736fe0c0a61,RVT-639B896EE32F1AEE,,VALIDATE,SKIPPED,Record status is not APPROVED.
2026-09-24T15:45:23.1059967-03:00,916715be-c77e-5698-942d-0736fe0c0a61,RVT-32C3DEFE891A145E,,VALIDATE,SKIPPED,Record status is not APPROVED.
2026-09-24T15:45:23.1059968-03:00,916715be-c77e-5698-942d-0736fe0c0a61,RVT-FED15CD88558747C,,VALIDATE,SKIPPED,Record status is not APPROVED.
2026-09-24T15:45:23.1059969-03:00,916715be-c77e-5698-942d-0736fe0c0a61,RVT-1426A075D314A7B2,,VALIDATE,SKIPPED,Record status is not APPROVED.
2026-09-24T15:45:23.1059970-03:00,916715be-c77e-5698-942d-0736fe0c0a61,RVT-CD97587A05FE0AD2,,VALIDATE,SKIPPED,Record status is not APPROVED.
2026-09-24T15:45:23.1059971-03:00,916715be-c77e-5698-942d-0736fe0c0a61,RVT-3809172440DE6EB8,,VALIDATE,SKIPPED,Record status is not APPROVED.
2026-09-24T15:45:23.1059972-03:00,916715be-c77e-5698-942d-0736fe0c0a61,RVT-B69F3DA1F697D607,,VALIDATE,SKIPPED,Record status is not APPROVED.
2026-09-24T15:45:23.1059973-03:00,916715be-c77e-5698-942d-0736fe0c0a61,RVT-55E463BBC1DF430A,,VALIDATE,SKIPPED,Record status is not APPROVED.
2026-09-24T15:45:23.1059974-03:00,916715be-c77e-5698-942d-0736fe0c0a61,RVT-CAC8E4E3F3BDAD55,,VALIDATE,SKIPPED,Record status is not APPROVED.
2026-09-24T15:45:23.1059975-03:00,916715be-c77e-5698-942d-0736fe0c0a61,RVT-240D8DF16C4E52A4,,VALIDATE,SKIPPED,Record status is not APPROVED.
2026-09-24T15:45:23.1059976-03:00,916715be-c77e-5698-942d-0736fe0c0a61,RVT-609EED1F6B41BCDD,,VALIDATE,SKIPPED,Record status is not APPROVED.
2026-09-24T15:45:23.1059977-03:00,916715be-c77e-5698-942d-0736fe0c0a61,RVT-B058347CA9A816E8,,VALIDATE,SKIPPED,Record status is not APPROVED.
2026-09-24T15:45:23.1059978-03:00,916715be-c77e-5698-942d-0736fe0c0a61,RVT-EBCDF90822307246,,VALIDATE,SKIPPED,Record status is not APPROVED.
2026-09-24T15:45:23.1059979-03:00,916715be-c77e-5698-942d-0736fe0c0a61,RVT-FD7B2BE207B370BF,,VALIDATE,SKIPPED,Record status is not APPROVED.
2026-09-24T15:45:23.1059981-03:00,916715be-c77e-5698-942d-0736fe0c0a61,RVT-EEF6A9E7B4E3A955,,VALIDATE,SKIPPED,Record status is not APPROVED.
2026-09-24T15:45:23.1059982-03:00,916715be-c77e-5698-942d-0736fe0c0a61,RVT-9E814ED3EDA19E7B,,VALIDATE,SKIPPED,Record status is not APPROVED.
2026-09-24T15:45:23.1059983-03:00,916715be-c77e-5698-942d-0736fe0c0a61,RVT-346DD212AEB019B6,,VALIDATE,SKIPPED,Record status is not APPROVED.
2026-09-24T15:45:23.1059984-03:00,916715be-c77e-5698-942d-0736fe0c0a61,RVT-F0B7ED8FBFC155DD,,VALIDATE,SKIPPED,Record status is not APPROVED.
2026-09-24T15:45:23.1059985-03:00,916715be-c77e-5698-942d-0736fe0c0a61,RVT-92403A226315AF46,,VALIDATE,SKIPPED,Record status is not APPROVED.
2026-09-24T15:45:23.1059986-03:00,916715be-c77e-5698-942d-0736fe0c0a61,RVT-0D5C0FC08357D7F3,,VALIDATE,SKIPPED,Record status is not APPROVED.
2026-09-24T15:45:23.1059987-03:00,916715be-c77e-5698-942d-0736fe0c0a61,RVT-B6C98D23B05A9D3E,,VALIDATE,SKIPPED,Record status is not APPROVED.
2026-09-24T15:45:23.1059989-03:00,916715be-c77e-5698-942d-0736fe0c0a61,RVT-7050E29AD3867885,,VALIDATE,SKIPPED,Record status is not APPROVED.
2026-09-24T15:45:23.1059990-03:00,916715be-c77e-5698-942d-0736fe0c0a61,RVT-D088A4EED7D3D62B,,VALIDATE,SKIPPED,Record status is not APPROVED.
2026-09-24T15:45:23.1059991-03:00,916715be-c77e-5698-942d-0736fe0c0a61,RVT-C54ED53789DFD4F3,,VALIDATE,SKIPPED,Record status is not APPROVED.
2026-09-24T15:45:23.1059992-03:00,916715be-c77e-5698-942d-0736fe0c0a61,RVT-C9C13FE88A6445AF,,VALIDATE,SKIPPED,Record status is not APPROVED.
2026-09-24T15:45:23.1059993-03:00,916715be-c77e-5698-942d-0736fe0c0a61,RVT-7DBD7F953F5BB11B,,VALIDATE,SKIPPED,Record status is not APPROVED.
2026-09-24T15:45:23.1059994-03:00,916715be-c77e-5698-942d-0736fe0c0a61,RVT-A3D76588AB4648F3,,VALIDATE,SKIPPED,Record status is not APPROVED.
2026-09-24T15:45:23.1059995-03:00,916715be-c77e-5698-942d-0736fe0c0a61,RVT-3129AE19C5D68706,,VALIDATE,SKIPPED,Record status is not APPROVED.
2026-09-24T15:45:23.1059996-03:00,916715be-c77e-5698-942d-0736fe0c0a61,RVT-993DAE46F139E86F,,VALIDATE,SKIPPED,Record status is not APPROVED.
2026-09-24T15:45:23.1059997-03:00,916715be-c77e-5698-942d-0736fe0c0a61,RVT-0CB08D1D707C9AE1,,VALIDATE,SKIPPED,Record status is not APPROVED.
2026-09-24T15:45:23.1059998-03:00,916715be-c77e-5698-942d-0736fe0c0a61,RVT-7DBAAC8C0087238B,,VALIDATE,SKIPPED,Record status is not APPROVED.
2026-09-24T15:45:23.1059999-03:00,916715be-c77e-5698-942d-0736fe0c0a61,RVT-6DAA75E65CF6488B,,VALIDATE,SKIPPED,Record status is not APPROVED.
2026-09-24T15:45:23.1060002-03:00,916715be-c77e-5698-942d-0736fe0c0a61,RVT-7827A4451C83A59D,,VALIDATE,SKIPPED,Record status is not APPROVED.
2026-09-24T15:45:23.1060003-03:00,916715be-c77e-5698-942d-0736fe0c0a61,RVT-463910AD57A52D2A,,VALIDATE,SKIPPED,Record status is not APPROVED.
2026-09-24T15:45:23.1060004-03:00,916715be-c77e-5698-942d-0736fe0c0a61,RVT-38B2BA2B02D6FF6C,,VALIDATE,SKIPPED,Record status is not APPROVED.
2026-09-24T15:45:23.1060005-03:00,916715be-c77e-5698-942d-0736fe0c0a61,RVT-EE715851226030EE,,VALIDATE,SKIPPED,Record status is not APPROVED.
2026-09-24T15:45:23.1060006-03:00,916715be-c77e-5698-942d-0736fe0c0a61,RVT-6E2F7ED473C709C6,,VALIDATE,SKIPPED,Record status is not APPROVED.
2026-09-24T15:45:23.1060007-03:00,916715be-c77e-5698-942d-0736fe0c0a61,RVT-DDBCD99FC723BA1D,,VALIDATE,SKIPPED,Record status is not APPROVED.
2026-09-24T15:45:23.1060008-03:00,916715be-c77e-5698-942d-0736fe0c0a61,RVT-42025CB8220CAE20,,VALIDATE,SKIPPED,Record status is not APPROVED.
2026-09-24T15:45:23.1060009-03:00,916715be-c77e-5698-942d-0736fe0c0a61,RVT-F5A1D24D379AAE2D,,VALIDATE,SKIPPED,Record status is not APPROVED.
2026-09-24T15:45:23.1060010-03:00,916715be-c77e-5698-942d-0736fe0c0a61,RVT-C02BF3FE515E5CD2,,VALIDATE,SKIPPED,Record status is not APPROVED.
2026-09-24T15:45:23.1060011-03:00,916715be-c77e-5698-942d-0736fe0c0a61,RVT-85C9378DB8749526,,VALIDATE,SKIPPED,Record status is not APPROVED.
2026-09-24T15:45:23.1060012-03:00,916715be-c77e-5698-942d-0736fe0c0a61,RVT-80533B247F08AF74,,VALIDATE,SKIPPED,Record status is not APPROVED.
2026-09-24T15:45:23.1060013-03:00,916715be-c77e-5698-942d-0736fe0c0a61,RVT-E241AB3A4A06731D,,VALIDATE,SKIPPED,Record status is not APPROVED.
2026-09-24T15:45:23.1060014-03:00,916715be-c77e-5698-942d-0736fe0c0a61,RVT-68FDB3D9DF1E393B,,VALIDATE,SKIPPED,Record status is not APPROVED.
2026-09-24T15:45:23.1060015-03:00,916715be-c77e-5698-942d-0736fe0c0a61,RVT-750D6D8C6B1B1BAA,,VALIDATE,SKIPPED,Record status is not APPROVED.
2026-09-24T15:45:23.1060016-03:00,916715be-c77e-5698-942d-0736fe0c0a61,RVT-B4FA5188161E0166,,VALIDATE,SKIPPED,Record status is not APPROVED.
2026-09-24T15:45:23.1060017-03:00,916715be-c77e-5698-942d-0736fe0c0a61,RVT-09F7F24BC71FCAA8,,VALIDATE,SKIPPED,Record status is not APPROVED.
2026-09-24T15:45:23.1060017-03:00,916715be-c77e-5698-942d-0736fe0c0a61,RVT-B493EE086DF0DF49,,VALIDATE,SKIPPED,Record status is not APPROVED.
2026-09-24T15:45:23.1060018-03:00,916715be-c77e-5698-942d-0736fe0c0a61,RVT-AE02FA494A0F8DA3,,VALIDATE,SKIPPED,Record status is not APPROVED.
2026-09-24T15:45:23.1060019-03:00,916715be-c77e-5698-942d-0736fe0c0a61,RVT-7FB4EDF0AC56F665,,VALIDATE,SKIPPED,Record status is not APPROVED.
2026-09-24T15:45:23.1060020-03:00,916715be-c77e-5698-942d-0736fe0c0a61,RVT-F28CCCB0A39BBB4B,,VALIDATE,SKIPPED,Record status is not APPROVED.
2026-09-24T15:45:23.1060021-03:00,916715be-c77e-5698-942d-0736fe0c0a61,RVT-9DF147572100F706,,VALIDATE,SKIPPED,Record status is not APPROVED.
2026-09-24T15:45:23.1060022-03:00,916715be-c77e-5698-942d-0736fe0c0a61,RVT-D9B123101AED3A0F,,VALIDATE,SKIPPED,Record status is not APPROVED.
2026-09-24T15:45:23.1060023-03:00,916715be-c77e-5698-942d-0736fe0c0a61,RVT-F25C1649EC58E55B,,VALIDATE,SKIPPED,Record status is not APPROVED.
2026-09-24T15:45:23.1060024-03:00,916715be-c77e-5698-942d-0736fe0c0a61,RVT-D3129727E5ADF2D9,,VALIDATE,SKIPPED,Record status is not APPROVED.
2026-09-24T15:45:23.1060025-03:00,916715be-c77e-5698-942d-0736fe0c0a61,RVT-BEB7B92AB27C09B3,,VALIDATE,SKIPPED,Record status is not APPROVED.
2026-09-24T15:45:23.1060026-03:00,916715be-c77e-5698-942d-0736fe0c0a61,RVT-5C8C05CB8336D141,,VALIDATE,SKIPPED,Record status is not APPROVED.
2026-09-24T15:45:23.1060027-03:00,916715be-c77e-5698-942d-0736fe0c0a61,RVT-B3D3C13CCA14B7B8,,VALIDATE,SKIPPED,Record status is not APPROVED.
2026-09-24T15:45:23.1060028-03:00,916715be-c77e-5698-942d-0736fe0c0a61,RVT-F61B7AB8BB92DE7D,,VALIDATE,SKIPPED,Record status is not APPROVED.
2026-09-24T15:45:23.1060029-03:00,916715be-c77e-5698-942d-0736fe0c0a61,RVT-F888136F31A4BC7A,,VALIDATE,SKIPPED,Record status is not APPROVED.
2026-09-24T15:45:23.1060030-03:00,916715be-c77e-5698-942d-0736fe0c0a61,RVT-6A84B01677BD9354,,VALIDATE,SKIPPED,Record status is not APPROVED.
2026-09-24T15:45:23.1060032-03:00,916715be-c77e-5698-942d-0736fe0c0a61,RVT-936799497DA81766,,VALIDATE,SKIPPED,Record status is not APPROVED.
2026-09-24T15:45:23.1060033-03:00,916715be-c77e-5698-942d-0736fe0c0a61,RVT-6485CCC86A23C512,,VALIDATE,SKIPPED,Record status is not APPROVED.
2026-09-24T15:45:23.1060034-03:00,916715be-c77e-5698-942d-0736fe0c0a61,RVT-53B0C48D14DD9D0A,,VALIDATE,SKIPPED,Record status is not APPROVED.
2026-09-24T15:45:23.1060034-03:00,916715be-c77e-5698-942d-0736fe0c0a61,RVT-E1F827AC1C06C7D6,,VALIDATE,SKIPPED,Record status is not APPROVED.
2026-09-24T15:45:23.1060035-03:00,916715be-c77e-5698-942d-0736fe0c0a61,RVT-3AD43DFC725CD432,,VALIDATE,SKIPPED,Record status is not APPROVED.
2026-09-24T15:45:23.1060036-03:00,916715be-c77e-5698-942d-0736fe0c0a61,RVT-80491D585A4FC0C3,,VALIDATE,SKIPPED,Record status is not APPROVED.
2026-09-24T15:45:23.1060038-03:00,916715be-c77e-5698-942d-0736fe0c0a61,RVT-F037E50F3A189E1E,,VALIDATE,SKIPPED,Record status is not APPROVED.
2026-09-24T15:45:23.1060039-03:00,916715be-c77e-5698-942d-0736fe0c0a61,RVT-AFB4B56F1C098BE0,,VALIDATE,SKIPPED,Record status is not APPROVED.
2026-09-24T15:45:23.1060040-03:00,916715be-c77e-5698-942d-0736fe0c0a61,RVT-862B0732EE4BFBDE,,VALIDATE,SKIPPED,Record status is not APPROVED.
2026-09-24T15:45:23.1060041-03:00,916715be-c77e-5698-942d-0736fe0c0a61,RVT-33D7B27D870C817B,,VALIDATE,SKIPPED,Record status is not APPROVED.
2026-09-24T15:45:23.1060042-03:00,916715be-c77e-5698-942d-0736fe0c0a61,RVT-3EAED8170966E964,,VALIDATE,SKIPPED,Record status is not APPROVED.
2026-09-24T15:45:23.1060043-03:00,916715be-c77e-5698-942d-0736fe0c0a61,RVT-726CD08F7D8DA11C,,VALIDATE,SKIPPED,Record status is not APPROVED.
2026-09-24T15:45:23.1060044-03:00,916715be-c77e-5698-942d-0736fe0c0a61,RVT-AFF1D1230A57282B,,VALIDATE,SKIPPED,Record status is not APPROVED.
2026-09-24T15:45:23.1060045-03:00,916715be-c77e-5698-942d-0736fe0c0a61,RVT-7B207DC953784DF6,,VALIDATE,SKIPPED,Record status is not APPROVED.
2026-09-24T15:45:23.1060046-03:00,916715be-c77e-5698-942d-0736fe0c0a61,RVT-4986CE1F5FC4324E,,VALIDATE,SKIPPED,Record status is not APPROVED.
2026-09-24T15:45:23.1060047-03:00,916715be-c77e-5698-942d-0736fe0c0a61,RVT-7BE9320AA2405DE0,,VALIDATE,SKIPPED,Record status is not APPROVED.
2026-09-24T15:45:23.1060048-03:00,916715be-c77e-5698-942d-0736fe0c0a61,RVT-5C6905CFA3DC7312,,VALIDATE,SKIPPED,Record status is not APPROVED.
2026-09-24T15:45:23.1060049-03:00,916715be-c77e-5698-942d-0736fe0c0a61,RVT-5F3C4EB5D7F96CB2,,VALIDATE,SKIPPED,Record status is not APPROVED.
2026-09-24T15:45:23.1060050-03:00,916715be-c77e-5698-942d-0736fe0c0a61,RVT-A94A0ADFF5C3ECF5,,VALIDATE,SKIPPED,Record status is not APPROVED.
2026-09-24T15:45:23.1060051-03:00,916715be-c77e-5698-942d-0736fe0c0a61,RVT-99A91EF3FD69F2AC,,VALIDATE,SKIPPED,Record status is not APPROVED.
2026-09-24T15:45:23.1060052-03:00,916715be-c77e-5698-942d-0736fe0c0a61,RVT-7C879AA517FDE093,,VALIDATE,SKIPPED,Record status is not APPROVED.
2026-09-24T15:45:23.1060054-03:00,916715be-c77e-5698-942d-0736fe0c0a61,RVT-506B73183D8E122E,,VALIDATE,SKIPPED,Record status is not APPROVED.
2026-09-24T15:45:23.1060055-03:00,916715be-c77e-5698-942d-0736fe0c0a61,RVT-E73C505169934963,,VALIDATE,SKIPPED,Record status is not APPROVED.
2026-09-24T15:45:23.1060056-03:00,916715be-c77e-5698-942d-0736fe0c0a61,RVT-7EA09CC902991D83,,VALIDATE,SKIPPED,Record status is not APPROVED.
2026-09-24T15:45:23.1060057-03:00,916715be-c77e-5698-942d-0736fe0c0a61,RVT-EC5254C355008CCD,,VALIDATE,SKIPPED,Record status is not APPROVED.
2026-09-24T15:45:23.1060058-03:00,916715be-c77e-5698-942d-0736fe0c0a61,RVT-511FC2439AFE062F,,VALIDATE,SKIPPED,Record status is not APPROVED.
2026-09-24T15:45:23.1060058-03:00,916715be-c77e-5698-942d-0736fe0c0a61,RVT-9EB7193EEAB74C47,,VALIDATE,SKIPPED,Record status is not APPROVED.
2026-09-24T15:45:23.1060060-03:00,916715be-c77e-5698-942d-0736fe0c0a61,RVT-9DD2A2A16B1367BE,,VALIDATE,SKIPPED,Record status is not APPROVED.
2026-09-24T15:45:23.1060067-03:00,916715be-c77e-5698-942d-0736fe0c0a61,RVT-738588EE0AA2D562,,VALIDATE,SKIPPED,Record status is not APPROVED.
2026-09-24T15:45:23.1060068-03:00,916715be-c77e-5698-942d-0736fe0c0a61,RVT-1934FEF24BFBCBFA,,VALIDATE,SKIPPED,Record status is not APPROVED.
2026-09-24T15:45:23.1060069-03:00,916715be-c77e-5698-942d-0736fe0c0a61,RVT-394DD96FBC8CDC87,,VALIDATE,SKIPPED,Record status is not APPROVED.
2026-09-24T15:45:23.1060070-03:00,916715be-c77e-5698-942d-0736fe0c0a61,RVT-C2B9DD316D96D92E,,VALIDATE,SKIPPED,Record status is not APPROVED.
2026-09-24T15:45:23.1060072-03:00,916715be-c77e-5698-942d-0736fe0c0a61,RVT-6B44CB05237857AC,,VALIDATE,SKIPPED,Record status is not APPROVED.
2026-09-24T15:45:23.1060073-03:00,916715be-c77e-5698-942d-0736fe0c0a61,RVT-C3AFACB739B6617A,,VALIDATE,SKIPPED,Record status is not APPROVED.
2026-09-24T15:45:23.1060074-03:00,916715be-c77e-5698-942d-0736fe0c0a61,RVT-FACD086F14B083D7,,VALIDATE,SKIPPED,Record status is not APPROVED.
2026-09-24T15:45:23.1060075-03:00,916715be-c77e-5698-942d-0736fe0c0a61,RVT-D44851B890B5DC47,,VALIDATE,SKIPPED,Record status is not APPROVED.
2026-09-24T15:45:23.1060076-03:00,916715be-c77e-5698-942d-0736fe0c0a61,RVT-C8266DFBE0D01200,,VALIDATE,SKIPPED,Record status is not APPROVED.
2026-09-24T15:45:23.1060076-03:00,916715be-c77e-5698-942d-0736fe0c0a61,RVT-977EB54F89C0DA72,,VALIDATE,SKIPPED,Record status is not APPROVED.
2026-09-24T15:45:23.1060078-03:00,916715be-c77e-5698-942d-0736fe0c0a61,RVT-80B35237C846A4B3,,VALIDATE,SKIPPED,Record status is not APPROVED.
2026-09-24T15:45:23.1060078-03:00,916715be-c77e-5698-942d-0736fe0c0a61,RVT-A32E2596EA6C8B37,,VALIDATE,SKIPPED,Record status is not APPROVED.
2026-09-24T15:45:23.1060079-03:00,916715be-c77e-5698-942d-0736fe0c0a61,RVT-7AA910D175CB23EC,,VALIDATE,SKIPPED,Record status is not APPROVED.
2026-09-24T15:45:23.1060080-03:00,916715be-c77e-5698-942d-0736fe0c0a61,RVT-C3B79C2C428CC5D1,,VALIDATE,SKIPPED,Record status is not APPROVED.
2026-09-24T15:45:23.1060082-03:00,916715be-c77e-5698-942d-0736fe0c0a61,RVT-9107736841D3CB10,,VALIDATE,SKIPPED,Record status is not APPROVED.
2026-09-24T15:45:23.1060083-03:00,916715be-c77e-5698-942d-0736fe0c0a61,RVT-43031192A1E555FF,,VALIDATE,SKIPPED,Record status is not APPROVED.
2026-09-24T15:45:23.1060084-03:00,916715be-c77e-5698-942d-0736fe0c0a61,RVT-987671AD1FE48C78,,VALIDATE,SKIPPED,Record status is not APPROVED.
2026-09-24T15:45:23.1060085-03:00,916715be-c77e-5698-942d-0736fe0c0a61,RVT-DE2E6A82E28C8E7A,,VALIDATE,SKIPPED,Record status is not APPROVED.
2026-09-24T15:45:23.1060086-03:00,916715be-c77e-5698-942d-0736fe0c0a61,RVT-D33B6B7A013BEDFA,,VALIDATE,SKIPPED,Record status is not APPROVED.
2026-09-24T15:45:23.1060087-03:00,916715be-c77e-5698-942d-0736fe0c0a61,RVT-84FAA787F72B63E9,,VALIDATE,SKIPPED,Record status is not APPROVED.
2026-09-24T15:45:23.1060088-03:00,916715be-c77e-5698-942d-0736fe0c0a61,RVT-EC4E0E7D5F933921,,VALIDATE,SKIPPED,Record status is not APPROVED.
2026-09-24T15:45:23.1060089-03:00,916715be-c77e-5698-942d-0736fe0c0a61,RVT-E486082A93905A12,,VALIDATE,SKIPPED,Record status is not APPROVED.
2026-09-24T15:45:23.1060090-03:00,916715be-c77e-5698-942d-0736fe0c0a61,RVT-2AAD1B45B0AE64A6,,VALIDATE,SKIPPED,Record status is not APPROVED.
2026-09-24T15:45:23.1060091-03:00,916715be-c77e-5698-942d-0736fe0c0a61,RVT-4DA789C3F0A53D08,,VALIDATE,SKIPPED,Record status is not APPROVED.
2026-09-24T15:45:23.1060092-03:00,916715be-c77e-5698-942d-0736fe0c0a61,RVT-FE9BD5CBD7CFDA17,,VALIDATE,SKIPPED,Record status is not APPROVED.
2026-09-24T15:45:23.1060093-03:00,916715be-c77e-5698-942d-0736fe0c0a61,RVT-A34039943BBB4B55,,VALIDATE,SKIPPED,Record status is not APPROVED.
2026-09-24T15:45:23.1060094-03:00,916715be-c77e-5698-942d-0736fe0c0a61,RVT-A9E1A9AD0D604619,,VALIDATE,SKIPPED,Record status is not APPROVED.
2026-09-24T15:45:23.1060095-03:00,916715be-c77e-5698-942d-0736fe0c0a61,RVT-9D01A4016438C588,,VALIDATE,SKIPPED,Record status is not APPROVED.
2026-09-24T15:45:23.1060096-03:00,916715be-c77e-5698-942d-0736fe0c0a61,RVT-F1B4263757B8DB46,,VALIDATE,SKIPPED,Record status is not APPROVED.
2026-09-24T15:45:23.1060096-03:00,916715be-c77e-5698-942d-0736fe0c0a61,RVT-9D5869253AAB9340,,VALIDATE,SKIPPED,Record status is not APPROVED.
2026-09-24T15:45:23.1060098-03:00,916715be-c77e-5698-942d-0736fe0c0a61,RVT-D97ECB565BDF3F3D,,VALIDATE,SKIPPED,Record status is not APPROVED.
2026-09-24T15:45:23.1060099-03:00,916715be-c77e-5698-942d-0736fe0c0a61,RVT-0F2CBE836E759627,,VALIDATE,SKIPPED,Record status is not APPROVED.
2026-09-24T15:45:23.1060100-03:00,916715be-c77e-5698-942d-0736fe0c0a61,RVT-15E40B0B8B4E7D88,,VALIDATE,SKIPPED,Record status is not APPROVED.
2026-09-24T15:45:23.1060101-03:00,916715be-c77e-5698-942d-0736fe0c0a61,RVT-9BC7E0209D78F3DB,,VALIDATE,SKIPPED,Record status is not APPROVED.
2026-09-24T15:45:23.1060102-03:00,916715be-c77e-5698-942d-0736fe0c0a61,RVT-7DDDA66782BE0F9B,,VALIDATE,SKIPPED,Record status is not APPROVED.
2026-09-24T15:45:23.1060103-03:00,916715be-c77e-5698-942d-0736fe0c0a61,RVT-4DAC393992CF22D7,,VALIDATE,SKIPPED,Record status is not APPROVED.
2026-09-24T15:45:23.1060104-03:00,916715be-c77e-5698-942d-0736fe0c0a61,RVT-1567096CA62C884C,,VALIDATE,SKIPPED,Record status is not APPROVED.
2026-09-24T15:45:23.1060105-03:00,916715be-c77e-5698-942d-0736fe0c0a61,RVT-033CD1231BB7B2B2,,VALIDATE,SKIPPED,Record status is not APPROVED.
2026-09-24T15:45:23.1060106-03:00,916715be-c77e-5698-942d-0736fe0c0a61,RVT-BA20590E242D5D64,,VALIDATE,SKIPPED,Record status is not APPROVED.
2026-09-24T15:45:23.1060107-03:00,916715be-c77e-5698-942d-0736fe0c0a61,RVT-74F300D28151BE70,,VALIDATE,SKIPPED,Record status is not APPROVED.
2026-09-24T15:45:23.1060108-03:00,916715be-c77e-5698-942d-0736fe0c0a61,RVT-D91194636EB89BDE,,VALIDATE,SKIPPED,Record status is not APPROVED.
2026-09-24T15:45:23.1060109-03:00,916715be-c77e-5698-942d-0736fe0c0a61,RVT-A93B9EAB7D4D1379,,VALIDATE,SKIPPED,Record status is not APPROVED.
2026-09-24T15:45:23.1060110-03:00,916715be-c77e-5698-942d-0736fe0c0a61,RVT-49D072FCBF3B10F4,,VALIDATE,SKIPPED,Record status is not APPROVED.
2026-09-24T15:45:23.1060111-03:00,916715be-c77e-5698-942d-0736fe0c0a61,RVT-75A2A33B24A137C6,,VALIDATE,SKIPPED,Record status is not APPROVED.
2026-09-24T15:45:23.1060112-03:00,916715be-c77e-5698-942d-0736fe0c0a61,RVT-7E5539455A0B010A,,VALIDATE,SKIPPED,Record status is not APPROVED.
2026-09-24T15:45:23.1060113-03:00,916715be-c77e-5698-942d-0736fe0c0a61,RVT-EBD14B744F5EB43B,,VALIDATE,SKIPPED,Record status is not APPROVED.
2026-09-24T15:45:23.1060114-03:00,916715be-c77e-5698-942d-0736fe0c0a61,RVT-9356FABE1E8871C9,,VALIDATE,SKIPPED,Record status is not APPROVED.
2026-09-24T15:45:23.1060115-03:00,916715be-c77e-5698-942d-0736fe0c0a61,RVT-7887372F88DF5818,,VALIDATE,SKIPPED,Record status is not APPROVED.
2026-09-24T15:45:23.1060116-03:00,916715be-c77e-5698-942d-0736fe0c0a61,RVT-414170B709BCD842,,VALIDATE,SKIPPED,Record status is not APPROVED.
2026-09-24T15:45:23.1060118-03:00,916715be-c77e-5698-942d-0736fe0c0a61,RVT-0EC181C24B0DC801,,VALIDATE,SKIPPED,Record status is not APPROVED.
2026-09-24T15:45:23.1060119-03:00,916715be-c77e-5698-942d-0736fe0c0a61,RVT-563229BB7C6FE5EA,,VALIDATE,SKIPPED,Record status is not APPROVED.
2026-09-24T15:45:23.1060120-03:00,916715be-c77e-5698-942d-0736fe0c0a61,RVT-8D7685B2F76F28AF,,VALIDATE,SKIPPED,Record status is not APPROVED.
2026-09-24T15:45:23.1060121-03:00,916715be-c77e-5698-942d-0736fe0c0a61,RVT-3F5B2A1C12F55CCE,,VALIDATE,SKIPPED,Record status is not APPROVED.
2026-09-24T15:45:23.1060122-03:00,916715be-c77e-5698-942d-0736fe0c0a61,RVT-2A230C002E1CCC7C,,VALIDATE,SKIPPED,Record status is not APPROVED.
2026-09-24T15:45:23.1060123-03:00,916715be-c77e-5698-942d-0736fe0c0a61,RVT-33BA24F4B8269829,,VALIDATE,SKIPPED,Record status is not APPROVED.
2026-09-24T15:45:23.1060124-03:00,916715be-c77e-5698-942d-0736fe0c0a61,RVT-AD2C494D72EAF03B,,VALIDATE,SKIPPED,Record status is not APPROVED.
2026-09-24T15:45:23.1060126-03:00,916715be-c77e-5698-942d-0736fe0c0a61,RVT-DEA88E22AEECFBDE,,VALIDATE,SKIPPED,Record status is not APPROVED.
2026-09-24T15:45:23.1060127-03:00,916715be-c77e-5698-942d-0736fe0c0a61,RVT-5BCEDD8419F6166A,,VALIDATE,SKIPPED,Record status is not APPROVED.
2026-09-24T15:45:23.1060128-03:00,916715be-c77e-5698-942d-0736fe0c0a61,RVT-21030CC4AA7374F0,,VALIDATE,SKIPPED,Record status is not APPROVED.
2026-09-24T15:45:23.1060129-03:00,916715be-c77e-5698-942d-0736fe0c0a61,RVT-653A0295E871B5C3,,VALIDATE,SKIPPED,Record status is not APPROVED.
2026-09-24T15:45:23.1060130-03:00,916715be-c77e-5698-942d-0736fe0c0a61,RVT-644620B39136A47F,,VALIDATE,SKIPPED,Record status is not APPROVED.
2026-09-24T15:45:23.1060131-03:00,916715be-c77e-5698-942d-0736fe0c0a61,RVT-926FE483F0128424,,VALIDATE,SKIPPED,Record status is not APPROVED.
2026-09-24T15:45:23.1060133-03:00,916715be-c77e-5698-942d-0736fe0c0a61,RVT-9E17D3F7802C5CDE,,VALIDATE,SKIPPED,Record status is not APPROVED.
2026-09-24T15:45:23.1060133-03:00,916715be-c77e-5698-942d-0736fe0c0a61,RVT-BEC0D3701FE74155,,VALIDATE,SKIPPED,Record status is not APPROVED.
2026-09-24T15:45:23.1060135-03:00,916715be-c77e-5698-942d-0736fe0c0a61,RVT-0ED462A288C49421,,VALIDATE,SKIPPED,Record status is not APPROVED.
2026-09-24T15:45:23.1060136-03:00,916715be-c77e-5698-942d-0736fe0c0a61,RVT-0BD4F135176FCF18,,VALIDATE,SKIPPED,Record status is not APPROVED.
2026-09-24T15:45:23.1060137-03:00,916715be-c77e-5698-942d-0736fe0c0a61,RVT-3A235EFDEE656861,,VALIDATE,SKIPPED,Record status is not APPROVED.
2026-09-24T15:45:23.1060138-03:00,916715be-c77e-5698-942d-0736fe0c0a61,RVT-CFE7E7E02F5586BB,,VALIDATE,SKIPPED,Record status is not APPROVED.
2026-09-24T15:45:23.1060139-03:00,916715be-c77e-5698-942d-0736fe0c0a61,RVT-175B1CE88A20ECCE,,VALIDATE,SKIPPED,Record status is not APPROVED.
2026-09-24T15:45:23.1060140-03:00,916715be-c77e-5698-942d-0736fe0c0a61,RVT-A952462E0683DE9B,,VALIDATE,SKIPPED,Record status is not APPROVED.
2026-09-24T15:45:23.1060141-03:00,916715be-c77e-5698-942d-0736fe0c0a61,RVT-D78198D3B350A039,,VALIDATE,SKIPPED,Record status is not APPROVED.
2026-09-24T15:45:23.1060142-03:00,916715be-c77e-5698-942d-0736fe0c0a61,RVT-5A780DEE57981DCF,,VALIDATE,SKIPPED,Record status is not APPROVED.
2026-09-24T15:45:23.1060143-03:00,916715be-c77e-5698-942d-0736fe0c0a61,RVT-422218BE1281BE77,,VALIDATE,SKIPPED,Record status is not APPROVED.
2026-09-24T15:45:23.1060144-03:00,916715be-c77e-5698-942d-0736fe0c0a61,RVT-E12B7B8C450703A0,,VALIDATE,SKIPPED,Record status is not APPROVED.
2026-09-24T15:45:23.1060145-03:00,916715be-c77e-5698-942d-0736fe0c0a61,RVT-A4653DEDC4B05E93,,VALIDATE,SKIPPED,Record status is not APPROVED.
2026-09-24T15:45:23.1060146-03:00,916715be-c77e-5698-942d-0736fe0c0a61,RVT-B6A1FE9AA0D19ACC,,VALIDATE,SKIPPED,Record status is not APPROVED.
2026-09-24T15:45:23.1060147-03:00,916715be-c77e-5698-942d-0736fe0c0a61,RVT-DD426D086002DD19,,VALIDATE,SKIPPED,Record status is not APPROVED.
2026-09-24T15:45:23.1060148-03:00,916715be-c77e-5698-942d-0736fe0c0a61,RVT-DAD24A7786CCFB72,,VALIDATE,SKIPPED,Record status is not APPROVED.
2026-09-24T15:45:23.1060149-03:00,916715be-c77e-5698-942d-0736fe0c0a61,RVT-4D4E2C1C75C31156,,VALIDATE,SKIPPED,Record status is not APPROVED.
2026-09-24T15:45:23.1060151-03:00,916715be-c77e-5698-942d-0736fe0c0a61,RVT-FB225B0E25F7D147,,VALIDATE,SKIPPED,Record status is not APPROVED.
2026-09-24T15:45:23.1060152-03:00,916715be-c77e-5698-942d-0736fe0c0a61,RVT-D9F6320127E846D5,,VALIDATE,SKIPPED,Record status is not APPROVED.
2026-09-24T15:45:23.1060153-03:00,916715be-c77e-5698-942d-0736fe0c0a61,RVT-C3B6B94430A95B14,,VALIDATE,SKIPPED,Record status is not APPROVED.
2026-09-24T15:45:23.1060154-03:00,916715be-c77e-5698-942d-0736fe0c0a61,RVT-2B487C00D05CBBEB,,VALIDATE,SKIPPED,Record status is not APPROVED.
2026-09-24T15:45:23.1060155-03:00,916715be-c77e-5698-942d-0736fe0c0a61,RVT-F88817F7D632A081,,VALIDATE,SKIPPED,Record status is not APPROVED.
2026-09-24T15:45:23.1060156-03:00,916715be-c77e-5698-942d-0736fe0c0a61,RVT-7F91F82DF825467E,,VALIDATE,SKIPPED,Record status is not APPROVED.
2026-09-24T15:45:23.1060157-03:00,916715be-c77e-5698-942d-0736fe0c0a61,RVT-B87645A3B1D17F9D,,VALIDATE,SKIPPED,Record status is not APPROVED.
2026-09-24T15:45:23.1060158-03:00,916715be-c77e-5698-942d-0736fe0c0a61,RVT-D8CC32DFBB390501,,VALIDATE,SKIPPED,Record status is not APPROVED.
2026-09-24T15:45:23.1060159-03:00,916715be-c77e-5698-942d-0736fe0c0a61,RVT-987482B84A6CDBC3,,VALIDATE,SKIPPED,Record status is not APPROVED.
2026-09-24T15:45:23.1060160-03:00,916715be-c77e-5698-942d-0736fe0c0a61,RVT-F0D136C819210201,,VALIDATE,SKIPPED,Record status is not APPROVED.
2026-09-24T15:45:23.1060161-03:00,916715be-c77e-5698-942d-0736fe0c0a61,RVT-1046215619B302B9,,VALIDATE,SKIPPED,Record status is not APPROVED.
2026-09-24T15:45:23.1060162-03:00,916715be-c77e-5698-942d-0736fe0c0a61,RVT-7EDEF50F42DFEB22,,VALIDATE,SKIPPED,Record status is not APPROVED.
2026-09-24T15:45:23.1060163-03:00,916715be-c77e-5698-942d-0736fe0c0a61,RVT-CC2B48CA02437B2D,,VALIDATE,SKIPPED,Record status is not APPROVED.
2026-09-24T15:45:23.1060164-03:00,916715be-c77e-5698-942d-0736fe0c0a61,RVT-6D6DCF6554B0AF5B,,VALIDATE,SKIPPED,Record status is not APPROVED.
2026-09-24T15:45:23.1060165-03:00,916715be-c77e-5698-942d-0736fe0c0a61,RVT-2280C3BFEA350298,,VALIDATE,SKIPPED,Record status is not APPROVED.
2026-09-24T15:45:23.1060166-03:00,916715be-c77e-5698-942d-0736fe0c0a61,RVT-5669FE49C56953AE,,VALIDATE,SKIPPED,Record status is not APPROVED.
2026-09-24T15:45:23.1060167-03:00,916715be-c77e-5698-942d-0736fe0c0a61,RVT-2F0F470C635F29E1,,VALIDATE,SKIPPED,Record status is not APPROVED.
2026-09-24T15:45:23.1060168-03:00,916715be-c77e-5698-942d-0736fe0c0a61,RVT-5E0304518B3932AD,,VALIDATE,SKIPPED,Record status is not APPROVED.
2026-09-24T15:45:23.1060169-03:00,916715be-c77e-5698-942d-0736fe0c0a61,RVT-7E7F5929A5EB89C4,,VALIDATE,SKIPPED,Record status is not APPROVED.
2026-09-24T15:45:23.1060170-03:00,916715be-c77e-5698-942d-0736fe0c0a61,RVT-7110F6277C917A44,,VALIDATE,SKIPPED,Record status is not APPROVED.
2026-09-24T15:45:23.1060171-03:00,916715be-c77e-5698-942d-0736fe0c0a61,RVT-884A6B8FE5B017AF,,VALIDATE,SKIPPED,Record status is not APPROVED.
2026-09-24T15:45:23.1060172-03:00,916715be-c77e-5698-942d-0736fe0c0a61,RVT-6CAD80B9663DEF74,,VALIDATE,SKIPPED,Record status is not APPROVED.
2026-09-24T15:45:23.1060173-03:00,916715be-c77e-5698-942d-0736fe0c0a61,RVT-C05188B23ED7F447,,VALIDATE,SKIPPED,Record status is not APPROVED.
2026-09-24T15:45:23.1060174-03:00,916715be-c77e-5698-942d-0736fe0c0a61,RVT-B18D31BF50AFBADC,,VALIDATE,SKIPPED,Record status is not APPROVED.
2026-09-24T15:45:23.1060175-03:00,916715be-c77e-5698-942d-0736fe0c0a61,RVT-3E914F621D4E268A,,VALIDATE,SKIPPED,Record status is not APPROVED.
2026-09-24T15:45:23.1060176-03:00,916715be-c77e-5698-942d-0736fe0c0a61,RVT-BAA0B0034F60B224,,VALIDATE,SKIPPED,Record status is not APPROVED.
2026-09-24T15:45:23.1060177-03:00,916715be-c77e-5698-942d-0736fe0c0a61,RVT-FC35E7D4F02601F1,,VALIDATE,SKIPPED,Record status is not APPROVED.
2026-09-24T15:45:23.1060178-03:00,916715be-c77e-5698-942d-0736fe0c0a61,RVT-E2E2AD05D055F3D0,,VALIDATE,SKIPPED,Record status is not APPROVED.
2026-09-24T15:45:23.1060179-03:00,916715be-c77e-5698-942d-0736fe0c0a61,RVT-FF28C15278FA5268,,VALIDATE,SKIPPED,Record status is not APPROVED.
2026-09-24T15:45:23.1060180-03:00,916715be-c77e-5698-942d-0736fe0c0a61,RVT-5861AB19A5273242,,VALIDATE,SKIPPED,Record status is not APPROVED.
2026-09-24T15:45:23.1060181-03:00,916715be-c77e-5698-942d-0736fe0c0a61,RVT-9D26C830FBFFC46B,,VALIDATE,SKIPPED,Record status is not APPROVED.
2026-09-24T15:45:23.1060182-03:00,916715be-c77e-5698-942d-0736fe0c0a61,RVT-7D6A555B9FE2F6B6,,VALIDATE,SKIPPED,Record status is not APPROVED.
2026-09-24T15:45:23.1060183-03:00,916715be-c77e-5698-942d-0736fe0c0a61,RVT-C66B71D0F1EAC950,,VALIDATE,SKIPPED,Record status is not APPROVED.
2026-09-24T15:45:23.1060184-03:00,916715be-c77e-5698-942d-0736fe0c0a61,RVT-28B4F016D37C55E4,,VALIDATE,SKIPPED,Record status is not APPROVED.
2026-09-24T15:45:23.1060185-03:00,916715be-c77e-5698-942d-0736fe0c0a61,RVT-163DABE16819E342,,VALIDATE,SKIPPED,Record status is not APPROVED.
2026-09-24T15:45:23.1060187-03:00,916715be-c77e-5698-942d-0736fe0c0a61,RVT-0F467C57A8B8C398,,VALIDATE,SKIPPED,Record status is not APPROVED.
2026-09-24T15:45:23.1060188-03:00,916715be-c77e-5698-942d-0736fe0c0a61,RVT-D76D6E6061D9337D,,VALIDATE,SKIPPED,Record status is not APPROVED.
2026-09-24T15:45:23.1060188-03:00,916715be-c77e-5698-942d-0736fe0c0a61,RVT-157A4C44B5153B8A,,VALIDATE,SKIPPED,Record status is not APPROVED.
2026-09-24T15:45:23.1060190-03:00,916715be-c77e-5698-942d-0736fe0c0a61,RVT-B35CE90BF652B6F7,,VALIDATE,SKIPPED,Record status is not APPROVED.
2026-09-24T15:45:23.1060191-03:00,916715be-c77e-5698-942d-0736fe0c0a61,RVT-7128801F44511F5F,,VALIDATE,SKIPPED,Record status is not APPROVED.
2026-09-24T15:45:23.1060192-03:00,916715be-c77e-5698-942d-0736fe0c0a61,RVT-1907248696E13B4A,,VALIDATE,SKIPPED,Record status is not APPROVED.
2026-09-24T15:45:23.1060193-03:00,916715be-c77e-5698-942d-0736fe0c0a61,RVT-9E235747047D37EA,,VALIDATE,SKIPPED,Record status is not APPROVED.
2026-09-24T15:45:23.1060194-03:00,916715be-c77e-5698-942d-0736fe0c0a61,RVT-8B2E869D2E001FFA,,VALIDATE,SKIPPED,Record status is not APPROVED.
2026-09-24T15:45:23.1060196-03:00,916715be-c77e-5698-942d-0736fe0c0a61,RVT-DCEFE97B0EE2662E,,VALIDATE,SKIPPED,Record status is not APPROVED.
2026-09-24T15:45:23.1060197-03:00,916715be-c77e-5698-942d-0736fe0c0a61,RVT-E195A480353359CC,,VALIDATE,SKIPPED,Record status is not APPROVED.
2026-09-24T15:45:23.1060198-03:00,916715be-c77e-5698-942d-0736fe0c0a61,RVT-6CB6A6BA5660680F,,VALIDATE,SKIPPED,Record status is not APPROVED.
2026-09-24T15:45:23.1060199-03:00,916715be-c77e-5698-942d-0736fe0c0a61,RVT-297280C8FDFABAB4,,VALIDATE,SKIPPED,Record status is not APPROVED.
2026-09-24T15:45:23.1060200-03:00,916715be-c77e-5698-942d-0736fe0c0a61,RVT-DE467947A12A6556,,VALIDATE,SKIPPED,Record status is not APPROVED.
2026-09-24T15:45:23.1060201-03:00,916715be-c77e-5698-942d-0736fe0c0a61,RVT-732CB581208E3AEE,,VALIDATE,SKIPPED,Record status is not APPROVED.
2026-09-24T15:45:23.1060207-03:00,916715be-c77e-5698-942d-0736fe0c0a61,RVT-FE79A4A20F6B59E2,,VALIDATE,SKIPPED,Record status is not APPROVED.
2026-09-24T15:45:23.1060209-03:00,916715be-c77e-5698-942d-0736fe0c0a61,RVT-30F488CB7B647CA6,,VALIDATE,SKIPPED,Record status is not APPROVED.
2026-09-24T15:45:23.1060211-03:00,916715be-c77e-5698-942d-0736fe0c0a61,RVT-D8E858A1CE8A857F,,VALIDATE,SKIPPED,Record status is not APPROVED.
2026-09-24T15:45:23.1060212-03:00,916715be-c77e-5698-942d-0736fe0c0a61,RVT-063E01CFC844756E,,VALIDATE,SKIPPED,Record status is not APPROVED.
2026-09-24T15:45:23.1060213-03:00,916715be-c77e-5698-942d-0736fe0c0a61,RVT-A5DC35C67EA69B07,,VALIDATE,SKIPPED,Record status is not APPROVED.
2026-09-24T15:45:23.1060213-03:00,916715be-c77e-5698-942d-0736fe0c0a61,RVT-893F29E902604DE3,,VALIDATE,SKIPPED,Record status is not APPROVED.
2026-09-24T15:45:23.1060215-03:00,916715be-c77e-5698-942d-0736fe0c0a61,RVT-9AF7F69D87708FEA,,VALIDATE,SKIPPED,Record status is not APPROVED.
2026-09-24T15:45:23.1060216-03:00,916715be-c77e-5698-942d-0736fe0c0a61,RVT-618653BE56BCA2FB,,VALIDATE,SKIPPED,Record status is not APPROVED.
2026-09-24T15:45:23.1060217-03:00,916715be-c77e-5698-942d-0736fe0c0a61,RVT-5009C9B18D8D3821,,VALIDATE,SKIPPED,Record status is not APPROVED.
2026-09-24T15:45:23.1060218-03:00,916715be-c77e-5698-942d-0736fe0c0a61,RVT-DBF7A898D54DF555,,VALIDATE,SKIPPED,Record status is not APPROVED.
2026-09-24T15:45:23.1060219-03:00,916715be-c77e-5698-942d-0736fe0c0a61,RVT-7688B39308BE744F,,VALIDATE,SKIPPED,Record status is not APPROVED.
2026-09-24T15:45:23.1060220-03:00,916715be-c77e-5698-942d-0736fe0c0a61,RVT-3750868B125F8A68,,VALIDATE,SKIPPED,Record status is not APPROVED.
2026-09-24T15:45:23.1060221-03:00,916715be-c77e-5698-942d-0736fe0c0a61,RVT-F54A45E75AE29B43,,VALIDATE,SKIPPED,Record status is not APPROVED.
2026-09-24T15:45:23.1060222-03:00,916715be-c77e-5698-942d-0736fe0c0a61,RVT-3E0619C12AED93BF,,VALIDATE,SKIPPED,Record status is not APPROVED.
2026-09-24T15:45:23.1060223-03:00,916715be-c77e-5698-942d-0736fe0c0a61,RVT-81B5E52250F4EF28,,VALIDATE,SKIPPED,Record status is not APPROVED.
2026-09-24T15:45:23.1060224-03:00,916715be-c77e-5698-942d-0736fe0c0a61,RVT-A8657A6960909674,,VALIDATE,SKIPPED,Record status is not APPROVED.
2026-09-24T15:45:23.1060225-03:00,916715be-c77e-5698-942d-0736fe0c0a61,RVT-E5A3515CB871188B,,VALIDATE,SKIPPED,Record status is not APPROVED.
2026-09-24T15:45:23.1060226-03:00,916715be-c77e-5698-942d-0736fe0c0a61,RVT-2CA068CCBE4A6EAC,,VALIDATE,SKIPPED,Record status is not APPROVED.
2026-09-24T15:45:23.1060227-03:00,916715be-c77e-5698-942d-0736fe0c0a61,RVT-8D9C39618B4C49D5,,VALIDATE,SKIPPED,Record status is not APPROVED.
2026-09-24T15:45:23.1060229-03:00,916715be-c77e-5698-942d-0736fe0c0a61,RVT-8B0D81C27D938E7C,,VALIDATE,SKIPPED,Record status is not APPROVED.
2026-09-24T15:45:23.1060229-03:00,916715be-c77e-5698-942d-0736fe0c0a61,RVT-09542C4BFEE82775,,VALIDATE,SKIPPED,Record status is not APPROVED.
2026-09-24T15:45:23.1060231-03:00,916715be-c77e-5698-942d-0736fe0c0a61,RVT-4995ACA16C29FB23,,VALIDATE,SKIPPED,Record status is not APPROVED.
2026-09-24T15:45:23.1060232-03:00,916715be-c77e-5698-942d-0736fe0c0a61,RVT-FA5E58673DBD18DE,,VALIDATE,SKIPPED,Record status is not APPROVED.
2026-09-24T15:45:23.1060233-03:00,916715be-c77e-5698-942d-0736fe0c0a61,RVT-9889E674654A4241,,VALIDATE,SKIPPED,Record status is not APPROVED.
2026-09-24T15:45:23.1060233-03:00,916715be-c77e-5698-942d-0736fe0c0a61,RVT-7176EFC1AB45A7B3,,VALIDATE,SKIPPED,Record status is not APPROVED.
2026-09-24T15:45:23.1060234-03:00,916715be-c77e-5698-942d-0736fe0c0a61,RVT-98682D1F5CCB60C7,,VALIDATE,SKIPPED,Record status is not APPROVED.
2026-09-24T15:45:23.1060236-03:00,916715be-c77e-5698-942d-0736fe0c0a61,RVT-53F0CC22E48419AA,,VALIDATE,SKIPPED,Record status is not APPROVED.
2026-09-24T15:45:23.1060236-03:00,916715be-c77e-5698-942d-0736fe0c0a61,RVT-E97704702A9FE8E6,,VALIDATE,SKIPPED,Record status is not APPROVED.
2026-09-24T15:45:23.1060238-03:00,916715be-c77e-5698-942d-0736fe0c0a61,RVT-711CE171B29FC0ED,,VALIDATE,SKIPPED,Record status is not APPROVED.
2026-09-24T15:45:23.1060239-03:00,916715be-c77e-5698-942d-0736fe0c0a61,RVT-C79DAF7B0E12DD5D,,VALIDATE,SKIPPED,Record status is not APPROVED.
2026-09-24T15:45:23.1060240-03:00,916715be-c77e-5698-942d-0736fe0c0a61,RVT-0841D7AE58F97067,,VALIDATE,SKIPPED,Record status is not APPROVED.
2026-09-24T15:45:23.1060241-03:00,916715be-c77e-5698-942d-0736fe0c0a61,RVT-36843A299372F69C,,VALIDATE,SKIPPED,Record status is not APPROVED.
2026-09-24T15:45:23.1060243-03:00,916715be-c77e-5698-942d-0736fe0c0a61,RVT-DBA52307B0713AD2,,VALIDATE,SKIPPED,Record status is not APPROVED.
2026-09-24T15:45:23.1060244-03:00,916715be-c77e-5698-942d-0736fe0c0a61,RVT-93216B71A97C521F,,VALIDATE,SKIPPED,Record status is not APPROVED.
2026-09-24T15:45:23.1060244-03:00,916715be-c77e-5698-942d-0736fe0c0a61,RVT-ED3EBC7634CC3AFE,,VALIDATE,SKIPPED,Record status is not APPROVED.
2026-09-24T15:45:23.1060245-03:00,916715be-c77e-5698-942d-0736fe0c0a61,RVT-3943FFB954A4553B,,VALIDATE,SKIPPED,Record status is not APPROVED.
2026-09-24T15:45:23.1060247-03:00,916715be-c77e-5698-942d-0736fe0c0a61,RVT-057601B8DB430733,,VALIDATE,SKIPPED,Record status is not APPROVED.
2026-09-24T15:45:23.1060248-03:00,916715be-c77e-5698-942d-0736fe0c0a61,RVT-B41969398B5B1A06,,VALIDATE,SKIPPED,Record status is not APPROVED.
2026-09-24T15:45:23.1060249-03:00,916715be-c77e-5698-942d-0736fe0c0a61,RVT-7FB5EFA0441B1262,,VALIDATE,SKIPPED,Record status is not APPROVED.
2026-09-24T15:45:23.1060250-03:00,916715be-c77e-5698-942d-0736fe0c0a61,RVT-DB0DCD660B4BCFA6,,VALIDATE,SKIPPED,Record status is not APPROVED.
2026-09-24T15:45:23.1060251-03:00,916715be-c77e-5698-942d-0736fe0c0a61,CR-0001,,CHECK,PENDING,Coordination rule HARD_CLASH imported but geometric execution is not enabled in this version.
2026-09-24T15:45:23.1060252-03:00,916715be-c77e-5698-942d-0736fe0c0a61,CR-0002,,CHECK,PENDING,Coordination rule CLEARANCE imported but geometric execution is not enabled in this version.
2026-09-24T15:45:23.1060253-03:00,916715be-c77e-5698-942d-0736fe0c0a61,CR-0003,,CHECK,PENDING,Coordination rule OPENING_REQUIRED imported but geometric execution is not enabled in this version.
2026-09-24T15:45:23.1060254-03:00,916715be-c77e-5698-942d-0736fe0c0a61,CR-0004,,CHECK,PENDING,Coordination rule ALIGNMENT imported but geometric execution is not enabled in this version.
2026-09-24T15:45:23.1060255-03:00,916715be-c77e-5698-942d-0736fe0c0a61,CR-0005,,CHECK,PENDING,Coordination rule COVERAGE imported but geometric execution is not enabled in this version.
2026-09-24T15:45:23.1060256-03:00,916715be-c77e-5698-942d-0736fe0c0a61,CR-0006,,CHECK,PENDING,Coordination rule DATA imported but geometric execution is not enabled in this version.
